track_name	track_dur	annotator_name	S_f	S_o	S_u	lower_mean_seg_dur	lower_nsegs	lower_nsegs_per_label	lower_nunique_labels	upper_mean_seg_dur	upper_nsegs	upper_nsegs_per_label	upper_nunique_labels
SALAMI_876	256.0261224	Colin Hua	0.888079398221	0.798689579814	1.0	21.3355101666	12	"{u'a': 1, u'yyyyy': 1, u'c': 1, u'b': 2, u'd': 1, u""a'"": 1, u""b''"": 1, u""d'"": 1, u'zzzzz': 1, u""b'"": 2}"	10	36.5751602857	7	{u'A': 1, u'YYYYY': 1, u'C': 1, u'B': 2, u'D': 1, u'ZZZZZ': 1}	6
SALAMI_876	256.0261224	Eleni Vasilia Maltas	0.724203205354	0.574593640165	0.979148585763	5.56578521739	46	"{u'zzzzz': 1, u""d'"": 1, u""m'"": 1, u'end': 1, u""e'"": 1, u""k'"": 4, u""i'"": 3, u'a': 2, u'c': 1, u'b': 1, u'e': 3, u'd': 2, u'g': 2, u'f': 4, u'i': 5, u'h': 6, u'k': 2, u'j': 2, u'm': 1, u'l': 1, u'n': 1, u'silence': 1}"	22	25.6026122	10	{u'A': 2, u'C': 2, u'B': 3, u'END': 1, u'ZZZZZ': 1, u'SILENCE': 1}	6
SALAMI_876	256.0261224	John Turner	0.703684237557	0.585288957479	0.882125061291	14.2236734444	18	"{u'a': 1, u'c': 2, u'b': 6, u'e': 1, u'd': 2, u""a'"": 4, u'zzzzz': 1, u""e'"": 1}"	8	51.2052244	5	{u'A': 2, u'B': 2, u'ZZZZZ': 1}	3
SALAMI_876	256.0261224	Evan S. Johnson	0.807968136268	0.765341562799	0.855623039833	12.8013061	20	"{u'a': 5, u'c': 2, u'b': 6, u'd': 1, u""b''"": 2, u'zzzzz': 1, u""b'"": 2, u'silence': 1}"	8	42.6710203333	6	"{u'A': 2, u'B': 1, u'ZZZZZ': 1, u'SILENCE': 1, u""B'"": 1}"	5
SALAMI_876	256.0261224	Shuli Tang	0.858662179972	0.752329560017	1.0	36.5718432857	7	"{u'a': 1, u'c': 1, u'b': 1, u'zzzzz': 1, u""c'"": 1, u""b'"": 1, u'silence': 1}"	7	42.6671505	6	{u'A': 1, u'C': 1, u'B': 2, u'SILENCE': 1, u'ZZZZZ': 1}	5
SALAMI_108	550.2955102	Colin Hua	0.835006511129	0.716747792246	1.0	32.3662264706	17	"{u'a': 1, u'c': 1, u'b': 1, u'e': 1, u'd': 1, u""a'"": 1, u""b''"": 1, u""a''"": 1, u""d'"": 1, u""e'"": 1, u""c'"": 1, u""c''"": 1, u""b'"": 1, u""e''"": 1, u'silence': 2, u""d''"": 1}"	16	78.603693	7	{u'A': 1, u'C': 1, u'B': 1, u'E': 1, u'D': 1, u'SILENCE': 2}	6
SALAMI_108	550.2955102	Eleni Vasilia Maltas	0.832458772352	0.713001607685	1.0	20.3813151851	27	"{u'zzzzz': 1, u""j'"": 1, u""h'"": 1, u'end': 1, u""o'"": 1, u""a'"": 1, u""c'"": 1, u""k'"": 1, u'a': 1, u'c': 1, u'b': 1, u'e': 1, u'd': 1, u'g': 1, u'f': 1, u'i': 1, u'h': 1, u'k': 1, u'j': 1, u'm': 1, u'l': 1, u'o': 1, u'n': 1, u'q': 1, u'p': 1, u'r': 1, u'silence': 1}"	27	61.1439455554	9	{u'A': 1, u'YYYYY': 1, u'C': 1, u'B': 1, u'E': 1, u'D': 1, u'G': 1, u'F': 1, u'ZZZZZ': 1}	9
SALAMI_108	550.2955102	John Turner	0.76161572599	0.635561212885	0.950043276706	28.9629216316	19	"{u'a': 1, u'c': 1, u'b': 1, u'e': 1, u'd': 1, u""a'"": 2, u'f': 1, u'i': 1, u'h': 1, u'k': 1, u'j': 1, u'm': 1, u'l': 1, u'o': 1, u'n': 1, u'g': 1, u'zzzzz': 1, u'end': 1}"	18	91.7159183333	6	"{u'A': 1, u'C': 1, u'B': 1, u'D': 1, u""A'"": 1, u'ZZZZZ': 1}"	6
SALAMI_108	550.2955102	Evan S. Johnson	0.848784153221	0.737293667036	1.0	23.925891826	23	{u'a': 1, u'c': 1, u'b': 1, u'e': 1, u'd': 1, u'g': 1, u'f': 1, u'i': 1, u'h': 1, u'k': 1, u'j': 1, u'm': 1, u'l': 1, u'o': 1, u'n': 1, u'q': 1, u'p': 1, u's': 1, u'r': 1, u't': 1, u'silence': 3}	21	55.0295511	10	{u'A': 1, u'C': 1, u'B': 1, u'E': 1, u'D': 1, u'F': 1, u'O': 1, u'SILENCE': 3}	8
SALAMI_108	550.2955102	Shuli Tang	0.574174228344	0.499049802076	0.675924470119	50.0226427273	11	"{u'a': 1, u'c': 1, u'b': 1, u'e': 1, u'd': 1, u""a'"": 1, u'zzzzz': 1, u""a''"": 1, u""e'"": 1, u""c'"": 1, u'silence': 1}"	11	45.84634925	12	{u'A': 3, u'C': 2, u'B': 4, u'D': 1, u'ZZZZZ': 1, u'SILENCE': 1}	6
Isophonics_05 Somebody To Love	297.717551	Colin Hua	0.869166656079	0.768607205253	1.0	8.26993197219	36	"{u""b'"": 1, u""d'"": 2, u""f'"": 1, u""f'''"": 1, u""i''"": 1, u""d''"": 3, u""e'"": 4, u""c'"": 1, u""f''"": 1, u""i'"": 1, u'c': 3, u'b': 1, u'e': 4, u'd': 3, u'g': 1, u'f': 1, u'i': 1, u'h': 1, u'j': 1, u""i'''"": 1, u""e''"": 1, u'silence': 2}"	22	16.539864	18	{u'C': 3, u'B': 1, u'E': 4, u'D': 3, u'G': 1, u'F': 1, u'I': 1, u'H': 1, u'J': 1, u'SILENCE': 2}	10
Isophonics_05 Somebody To Love	297.717551	Eleni Vasilia Maltas	0.774185083988	0.656390405618	0.943504813711	9.30367340625	32	"{u""p''"": 1, u""d'"": 1, u""f'"": 1, u'end': 1, u""e'"": 1, u""g'"": 2, u""g''"": 1, u'a': 1, u'c': 1, u'b': 1, u'e': 2, u'd': 3, u'g': 1, u'f': 3, u'i': 1, u'h': 1, u'k': 1, u'j': 1, u'm': 1, u'l': 1, u'o': 1, u'n': 1, u'q': 1, u'p': 1, u""p'"": 1, u'silence': 1}"	26	22.90135	13	"{u'A': 1, u'C': 2, u'B': 3, u'E': 1, u'D': 1, u'F': 1, u'ZZZZZ': 1, u""C'"": 2, u'SILENCE': 1}"	9
Isophonics_05 Somebody To Love	297.717551	John Turner	0.855174767527	0.769246579864	0.9627141207	10.6327695714	28	"{u'a': 1, u'c': 3, u'b': 6, u'e': 1, u'd': 3, u'g': 1, u'f': 1, u""d'"": 1, u""e'"": 3, u""c'"": 1, u""g'"": 3, u""b'"": 1, u""f'"": 1, u'end': 1, u'silence': 1}"	15	22.9013500769	13	"{u'A': 1, u'C': 3, u'B': 3, u'E': 1, u'D': 1, u'F': 1, u'ZZZZZ': 1, u""B'"": 1, u'SILENCE': 1}"	9
Isophonics_05 Somebody To Love	297.717551	Evan S. Johnson	0.705319378482	0.609539329536	0.836811941527	10.6327695714	28	"{u'a': 1, u'c': 8, u'b': 1, u'e': 2, u'd': 3, u'g': 1, u'f': 1, u""d'"": 1, u""e'"": 1, u""f'''"": 1, u""c'"": 1, u""c''"": 1, u'zzzzz': 1, u""f'"": 1, u""f''"": 1, u""e''"": 1, u'silence': 1, u""d''"": 1}"	18	33.0797277777	9	"{u'A': 1, u'C': 2, u'B': 1, u'E': 1, u'D': 1, u'ZZZZZ': 1, u""C'"": 1, u'SILENCE': 1}"	8
Isophonics_05 Somebody To Love	297.717551	Shuli Tang	0.700242224065	0.538748247581	1.0	19.8478366	15	"{u'a': 1, u'c': 1, u'b': 1, u'e': 1, u'd': 1, u""b''"": 1, u""d'"": 1, u""e'"": 1, u'zzzzz': 1, u""c'"": 1, u""c''"": 1, u""b'"": 1, u""e''"": 1, u'silence': 1, u""d''"": 1}"	15	37.214693875	8	{u'A': 1, u'B': 2, u'E': 1, u'D': 2, u'ZZZZZ': 1, u'SILENCE': 1}	6
Epiphyte_0780_letmebereal	182.9093878	Colin Hua	0.720186922981	0.562728210794	1.0	18.2909386999	10	"{u'a': 3, u'c': 2, u'b': 1, u""a'"": 2, u""a''"": 1, u""b'"": 1}"	6	30.484898	6	{u'A': 3, u'C': 2, u'B': 1}	3
Epiphyte_0780_letmebereal	182.9093878	Eleni Vasilia Maltas	0.649343133324	0.562369906895	0.768139645132	5.22598257134	35	"{u'a': 3, u'c': 1, u'b': 4, u'e': 4, u'd': 1, u""a'"": 3, u""d'"": 1, u""c'"": 13, u""b'"": 3, u'end': 1, u'silence': 1}"	11	20.3232653333	9	"{u'A': 1, u'C': 1, u'B': 2, u'END': 1, u""A'"": 2, u""B'"": 1, u'SILENCE': 1}"	7
Epiphyte_0780_letmebereal	182.9093878	John Turner	0.618211873296	0.578083669186	0.66432671708	16.6281262727	11	"{u'a': 1, u'c': 2, u'b': 3, u""c'"": 3, u'd': 2}"	5	36.5818776	5	{u'A': 1, u'C': 1, u'B': 2, u'ZZZZZ': 1}	4
Epiphyte_0780_letmebereal	182.9093878	Evan S. Johnson	0.8245818766	0.737184275324	0.935489780607	14.0699528462	13	"{u'a': 1, u'c': 1, u'b': 4, u'e': 1, u'd': 1, u""a'"": 1, u'f': 2, u""c'"": 1, u'silence': 1}"	9	18.2909387	10	"{u'A': 2, u'C': 2, u'B': 3, u'D': 1, u""A'"": 1, u'SILENCE': 1}"	6
Epiphyte_0780_letmebereal	182.9093878	Shuli Tang	0.776291254717	0.682129898734	0.900611914527	14.0699529231	13	"{u'a': 1, u'c': 2, u'b': 3, u""a'"": 3, u'zzzzz': 1, u""a''"": 2, u'silence': 1}"	7	22.863673625	8	{u'A': 3, u'C': 1, u'B': 2, u'SILENCE': 1, u'ZZZZZ': 1}	5
SALAMI_444	178.3640816	Colin Hua				30.5400453125	16	"{u'a': 2, u'c': 1, u'b': 1, u'e': 1, u'd': 1, u""a'"": 1, u""b''"": 1, u""a''"": 1, u'f': 1, u""c'"": 1, u""c''"": 1, u""b'"": 1, u""f'"": 1, u'z': 1, u'silence': 1}"	15	54.293414	9	{u'A': 2, u'C': 1, u'B': 1, u'E': 1, u'D': 1, u'F': 1, u'Z': 1, u'SILENCE': 1}	8
SALAMI_444	178.3640816	Eleni Vasilia Maltas	0.733448269597	0.609977246985	0.919591022439	14.3369561176	34	"{u'a': 1, u'c': 1, u'b': 1, u'e': 6, u'd': 2, u""a'"": 1, u'f': 3, u'i': 1, u'h': 1, u""c'"": 5, u""c''"": 2, u'g': 2, u""f'"": 6, u'z': 2}"	14	44.3142279091	11	{u'A': 1, u'C': 4, u'B': 1, u'E': 1, u'D': 1, u'F': 1, u'Z': 2}	7
SALAMI_444	178.3640816	John Turner				15.8335747097	31	"{u'a': 1, u'c': 1, u'b': 1, u'e': 1, u'd': 1, u""a'"": 6, u'f': 1, u""d'"": 3, u""e'"": 1, u""c'"": 7, u""b'"": 7, u'end': 1}"	12	81.2299321667	6	{u'A': 1, u'C': 1, u'B': 1, u'E': 1, u'D': 1, u'F': 1}	6
SALAMI_444	178.3640816	Evan S. Johnson	0.731523663092	0.576694765055	1.0	20.443537375	24	"{u""c'"": 1, u'a': 1, u'c': 1, u'b': 1, u'e': 1, u'd': 1, u'g': 1, u'f': 1, u'i': 1, u'h': 1, u'k': 1, u'j': 1, u'm': 1, u'l': 1, u'o': 1, u'n': 1, u'q': 1, u'p': 1, u's': 1, u'r': 1, u't': 1, u'z': 1, u'silence': 2}"	23	54.5160998889	9	"{u'A': 1, u'C': 1, u'B': 1, u'E': 1, u'D': 1, u""A'"": 1, u'Z': 1, u'SILENCE': 2}"	8
SALAMI_444	178.3640816	Shuli Tang				17.4191124286	28	"{u'j': 1, u""d'"": 1, u""b'"": 1, u""f'"": 1, u""j'"": 1, u""e'''"": 1, u""k'"": 1, u""e'"": 1, u""c'"": 1, u""c''"": 1, u""g'"": 1, u""f''"": 1, u""i'"": 1, u'a': 1, u'c': 1, u'b': 1, u'e': 1, u'd': 1, u'g': 1, u""b''"": 1, u'i': 1, u'k': 1, u'f': 1, u'z': 3, u""e''"": 1, u'silence': 1}"	26	34.8382248571	14	{u'A': 1, u'C': 1, u'B': 1, u'E': 1, u'D': 1, u'G': 1, u'F': 1, u'I': 1, u'H': 1, u'J': 1, u'Z': 3, u'SILENCE': 1}	12
SALAMI_458	240.0653061	Colin Hua	0.663135530106	0.496037964236	1.0	30.008163125	8	"{u'a': 1, u'yyyyy': 1, u'c': 1, u'b': 1, u""c'''"": 1, u'd': 1, u""c'"": 1, u""c''"": 1}"	8	48.013061	5	{u'A': 1, u'YYYYY': 1, u'C': 1, u'B': 1, u'D': 1}	5
SALAMI_458	240.0653061	Eleni Vasilia Maltas				11.3608905455	22	"{u'a': 1, u'c': 1, u'b': 5, u'e': 1, u'd': 1, u""a'"": 1, u'f': 1, u""d'"": 1, u""e'"": 1, u'g': 1, u""b'"": 5, u""f'"": 1, u'h': 1, u""e''"": 1}"	14	30.00816325	8	{u'A': 1, u'C': 2, u'B': 3, u'D': 1, u'ZZZZZ': 1}	5
SALAMI_458	240.0653061	John Turner	0.172597856975	0.199352826086	0.152174632168	11.4316812381	21	{u'a': 1, u'c': 5, u'b': 5, u'e': 4, u'd': 5, u'zzzzz': 1}	6	60.0163265	4	{u'A': 1, u'C': 1, u'B': 1, u'ZZZZZ': 1}	4
SALAMI_458	240.0653061	Evan S. Johnson	0.755572084097	0.660389313387	0.882813081864	8.19907832255	31	"{u'a': 1, u'c': 4, u'b': 2, u'e': 4, u'd': 1, u'g': 1, u""b''"": 1, u'i': 1, u""d'"": 1, u""e'"": 2, u'f': 2, u'h': 1, u""b'''"": 1, u""b'"": 2, u'j': 1, u""f'"": 1, u""f''"": 1, u'k': 1, u'silence': 2, u'l': 1}"	20	18.1551021428	14	"{u'A': 1, u'C': 2, u'B': 3, u'E': 1, u'D': 1, u""B''"": 1, u""C'"": 1, u""C''"": 1, u""B'"": 1, u'SILENCE': 2}"	10
SALAMI_458	240.0653061	Shuli Tang	0.749091162823	0.598837533608	1.0	21.8188415455	11	"{u'a': 1, u'c': 1, u'b': 1, u'd': 1, u""a'"": 1, u""b''"": 1, u""d'"": 1, u""c'"": 1, u""b'''"": 1, u""b'"": 1, u'silence': 1}"	11	48.0014512	5	{u'A': 1, u'C': 1, u'B': 1, u'D': 1, u'SILENCE': 1}	5
SALAMI_12	444.5779592	Colin Hua	0.872552343485	0.773918273228	1.0	37.04816325	12	"{u'a': 1, u'c': 1, u'b': 1, u'd': 1, u""b''"": 1, u""d'"": 1, u'zzzzz': 1, u""b'''"": 1, u""d'''"": 1, u""b'"": 1, u'silence': 1, u""d''"": 1}"	12	74.0963266667	6	{u'A': 1, u'C': 1, u'B': 1, u'D': 1, u'ZZZZZ': 1, u'SILENCE': 1}	6
SALAMI_12	444.5779592	Eleni Vasilia Maltas	0.808266201617	0.699862474939	0.956406826234	15.8777842857	28	"{u""b'"": 1, u'zzzzz': 1, u""f'"": 1, u""j'"": 1, u""h'"": 2, u'end': 1, u""a'"": 2, u""e'"": 1, u""g'"": 3, u""k'"": 1, u'a': 1, u'c': 1, u'b': 1, u'e': 1, u'd': 1, u'g': 1, u'f': 1, u'i': 1, u'h': 1, u'k': 1, u'j': 1, u'm': 1, u'l': 1, u'silence': 1}"	24	63.511137	7	"{u'A': 1, u'B': 1, u'END': 1, u""A'"": 1, u'ZZZZZ': 1, u""B'"": 1, u'SILENCE': 1}"	7
SALAMI_12	444.5779592	John Turner	0.883651844447	0.829632240484	0.945196126258	15.3302745172	29	"{u'a': 2, u'c': 4, u'b': 2, u'end': 1, u'd': 4, u'g': 2, u'f': 3, u'i': 3, u'h': 1, u'j': 2, u'zzzzz': 1, u'e': 2, u""h'"": 1, u'silence': 1}"	14	55.572244875	8	"{u'A': 1, u'C': 1, u'B': 1, u'E': 1, u'D': 1, u'ZZZZZ': 1, u""B'"": 1, u'SILENCE': 1}"	8
SALAMI_12	444.5779592	Evan S. Johnson	0.707089171254	0.54689709107	1.0	55.572244875	8	{u'a': 2, u'c': 2, u'b': 2, u'silence': 2}	4	111.14448975	4	{u'A': 2, u'SILENCE': 2}	2
SALAMI_12	444.5779592	Shuli Tang	0.809698412754	0.680246436223	1.0	49.389811111	9	"{u'a': 1, u'b': 1, u""a'"": 1, u""b''"": 1, u""a''"": 1, u'zzzzz': 1, u""b'''"": 1, u""b'"": 1, u'silence': 1}"	9	111.12707475	4	{u'A': 1, u'B': 1, u'SILENCE': 1, u'ZZZZZ': 1}	4
SALAMI_302	341.3681633	Colin Hua				18.06512468	25	"{u""b'"": 1, u""b'''"": 1, u""g'''"": 1, u""e'''"": 1, u""a'''"": 1, u""g''''"": 1, u""a'"": 1, u""e'"": 1, u""c'"": 1, u""c''"": 1, u""g'"": 1, u""g''"": 1, u'a': 1, u""a''''"": 1, u'c': 1, u'b': 1, u'e': 1, u'd': 1, u'g': 1, u""b''"": 1, u""a''"": 1, u'f': 1, u""e''''"": 1, u""e''"": 1, u'silence': 1}"	25	42.6652154999	8	{u'A': 1, u'C': 1, u'B': 1, u'E': 1, u'D': 1, u'G': 1, u'F': 1, u'SILENCE': 1}	8
SALAMI_302	341.3681633	Eleni Vasilia Maltas				11.5385313589	39	"{u""d'"": 1, u""m'"": 2, u'end': 1, u""o'"": 4, u""i''"": 1, u""r'"": 1, u""a'"": 1, u""e'"": 1, u""g'"": 1, u""g''"": 1, u""k'"": 1, u""i'"": 1, u'a': 1, u'c': 1, u'b': 1, u'e': 1, u'd': 1, u'g': 1, u'f': 1, u'i': 2, u'h': 1, u'k': 1, u'm': 1, u'l': 1, u'o': 2, u'n': 1, u'q': 1, u'p': 1, u'r': 1, u""p'"": 3, u'silence': 1}"	31	74.9714285	6	{u'A': 1, u'C': 1, u'B': 2, u'END': 1, u'SILENCE': 1}	5
SALAMI_302	341.3681633	John Turner				10.6712278	35	"{u'a': 1, u'c': 8, u'b': 17, u""b'"": 9}"	4	42.671020375	8	{u'A': 1, u'C': 1, u'B': 4, u'D': 1, u'ZZZZZ': 1}	5
SALAMI_302	341.3681633	Evan S. Johnson	0.6362281404	0.466520947709	1.0	15.7973258276	29	{u'a': 1, u'c': 1, u'b': 1, u'e': 1, u'd': 1, u'g': 1, u'f': 1, u'i': 1, u'h': 1, u'k': 1, u'm': 1, u'l': 1, u'o': 1, u'n': 1, u'q': 1, u'p': 1, u's': 1, u'r': 1, u'u': 1, u't': 1, u'w': 1, u'v': 1, u'y': 1, u'x': 1, u'silence': 5}	25	50.9024943333	9	{u'A': 1, u'C': 1, u'B': 1, u'D': 1, u'SILENCE': 5}	5
SALAMI_302	341.3681633	Shuli Tang				23.6727438421	19	"{u'a': 1, u""a'''"": 1, u'b': 1, u""c'''"": 1, u'd': 1, u""a'"": 1, u""b''"": 1, u""a''"": 1, u""d'"": 1, u""c''''"": 1, u""c'"": 1, u'c': 1, u""c''"": 1, u""b'''"": 1, u""d'''"": 1, u""b''''"": 1, u""b'"": 1, u'silence': 1, u""d''"": 1}"	19	68.2643446	5	{u'A': 1, u'C': 1, u'B': 1, u'D': 1, u'SILENCE': 1}	5
Cerulean_Miles_Davis_Quintet-Footprints	586.0832653	Colin Hua	0.984341431998	0.96916568521	1.0	48.840272	12	"{u'a': 1, u'yyyyy': 1, u'c': 1, u'b': 2, u'e': 1, u'd': 1, u""a'"": 1, u'f': 1, u'zzzzz': 1, u""b'"": 2}"	10	73.260408	8	{u'A': 1, u'YYYYY': 1, u'C': 1, u'B': 1, u'E': 1, u'D': 1, u'F': 1, u'ZZZZZ': 1}	8
Cerulean_Miles_Davis_Quintet-Footprints	586.0832653	Eleni Vasilia Maltas	0.570228577746	0.510590502935	0.645640821828	13.9543634762	42	"{u'a': 5, u""a'''"": 1, u'b': 2, u'e': 1, u'd': 4, u""a'"": 9, u""b''"": 1, u""a''"": 5, u""d'"": 1, u'k': 1, u'f': 1, u""c'"": 2, u'c': 1, u'j': 1, u'g': 1, u""b'"": 1, u'newpoint': 1, u'i': 1, u""e''"": 1, u""d''"": 2}"	20	83.7261807141	7	{u'A': 2, u'C': 1, u'B': 1, u'E': 1, u'D': 1, u'ZZZZZ': 1}	6
Cerulean_Miles_Davis_Quintet-Footprints	586.0832653	John Turner	0.310648111517	0.308103247554	0.313235365628	8.14004529164	72	"{u'a': 23, u'c': 22, u'b': 22, u""a'"": 4, u'zzzzz': 1}"	5	53.2802967273	11	{u'A': 6, u'C': 1, u'B': 1, u'E': 1, u'D': 1, u'ZZZZZ': 1}	6
Cerulean_Miles_Davis_Quintet-Footprints	586.0832653	Evan S. Johnson	0.639086052668	0.475396518246	0.974695146611	15.8399778378	37	"{u'j': 1, u""d'"": 1, u""b'"": 4, u""h'"": 2, u""d''"": 1, u""a'"": 1, u""e'"": 1, u""c'"": 1, u""c''"": 2, u""g'"": 1, u""i'"": 1, u'a': 1, u""l'"": 1, u'c': 1, u'b': 4, u'e': 1, u'd': 1, u'g': 1, u""b''"": 2, u'i': 1, u'h': 1, u'k': 1, u'f': 1, u'm': 1, u'l': 1, u'n': 1, u'silence': 2}"	27	58.6079184	10	"{u'A': 1, u'C': 1, u'B': 4, u""C'"": 1, u""C''"": 1, u'SILENCE': 2}"	6
Cerulean_Miles_Davis_Quintet-Footprints	586.0832653	Shuli Tang	0.708649675376	0.556314822862	0.975870952929	14.65208165	40	"{u""b'"": 1, u""c'''"": 1, u'zzzzz': 1, u""d'"": 1, u""b'''"": 1, u""f'"": 1, u""e'''"": 1, u""f'''''"": 1, u""c''''"": 1, u""f'''"": 1, u""e''''''"": 1, u""d''''"": 1, u""b''''"": 1, u""d''"": 1, u""e'"": 1, u""c'"": 1, u""c''"": 1, u""g'"": 1, u""g''"": 1, u""e''''''''"": 1, u""e'''''"": 1, u""f''"": 1, u'a': 1, u'c': 2, u'b': 2, u'e': 1, u'd': 2, u'g': 1, u""b''"": 1, u'h': 1, u'f': 1, u""e''''"": 1, u""f''''"": 1, u""d'''"": 1, u""e'''''''"": 1, u""e''"": 1, u'silence': 1}"	37	58.6083266	10	"{u'A': 1, u'C': 1, u'B': 1, u'E': 1, u'D': 1, u'ZZZZZ': 1, u""B''"": 1, u'F': 1, u""B'"": 1, u'SILENCE': 1}"	10
SALAMI_538	458.0571429	Colin Hua	0.988154200232	0.976585760852	1.0	76.3428571667	6	"{u'a': 2, u'yyyyy': 1, u'b': 1, u""b'"": 1, u'zzzzz': 1}"	5	91.6114286	5	{u'A': 2, u'YYYYY': 1, u'B': 1, u'ZZZZZ': 1}	4
SALAMI_538	458.0571429	Eleni Vasilia Maltas	0.975899548611	0.952933422974	1.0	13.8805195152	33	"{u'a': 6, u'c': 1, u'b': 7, u'end': 1, u""a'"": 6, u""b''"": 1, u'zzzzz': 1, u""c'"": 2, u""b'"": 7, u'silence': 1}"	10	65.4367347143	7	{u'A': 2, u'B': 2, u'END': 1, u'SILENCE': 1, u'ZZZZZ': 1}	5
SALAMI_538	458.0571429	John Turner	1.0	1.0	1.0	114.5142855	4	"{u'a': 1, u""a'"": 2, u'zzzzz': 1}"	3	152.685714333	3	{u'A': 1, u'B': 1, u'ZZZZZ': 1}	3
SALAMI_538	458.0571429	Evan S. Johnson	0.979275672067	0.959392899011	1.0	25.4476189999	18	"{u'a': 6, u'b': 2, u""b'"": 2, u'silence': 2, u""a'"": 6}"	5	76.3428571667	6	"{u'A': 2, u'SILENCE': 2, u""A'"": 2}"	3
SALAMI_538	458.0571429	Shuli Tang	0.988154200232	0.976585760852	1.0	76.3351171667	6	"{u'a': 2, u'b': 1, u""b'"": 1, u'silence': 1, u'zzzzz': 1}"	5	91.6021406	5	{u'A': 2, u'B': 1, u'SILENCE': 1, u'ZZZZZ': 1}	4
Epiphyte_0220_promiscuous	161.8546939	Colin Hua	0.764712279181	0.619056003143	1.0	14.6971759091	11	"{u'a': 3, u'b': 2, u""a'"": 1, u'zzzzz': 1, u""a''"": 1, u""b'"": 2, u'silence': 1}"	7	23.0955621429	7	{u'A': 3, u'B': 2, u'SILENCE': 1, u'ZZZZZ': 1}	4
Epiphyte_0220_promiscuous	161.8546939	Eleni Vasilia Maltas	1.0	1.0	1.0	17.9838548889	9	"{u'a': 1, u'c': 2, u'b': 2, u'end': 1, u""a'"": 1, u'zzzzz': 1, u'silence': 1}"	7	17.9838548889	9	"{u'A': 1, u'C': 2, u'B': 2, u'END': 1, u""A'"": 1, u'ZZZZZ': 1, u'SILENCE': 1}"	7
Epiphyte_0220_promiscuous	161.8546939	John Turner	0.912366824681	0.838855273437	1.0	8.09273455	20	"{u'a': 8, u'b': 4, u'end': 1, u""a'"": 2, u""b'"": 4, u'silence': 1}"	6	23.1220991429	7	"{u'A': 2, u'B': 2, u'SILENCE': 1, u""A'"": 1, u'ZZZZZ': 1}"	5
Epiphyte_0220_promiscuous	161.8546939	Evan S. Johnson	0.875174522527	0.778053609252	1.0	13.48015125	12	"{u'a': 4, u'b': 4, u'silence': 2, u""a'"": 2}"	4	23.1220991427	7	{u'A': 3, u'B': 2, u'SILENCE': 2}	3
Epiphyte_0220_promiscuous	161.8546939	Shuli Tang	0.825261755801	0.767401611526	0.892558406468	8.0927348	20	"{u'a': 1, u'c': 8, u'b': 7, u'zzzzz': 1, u""b'"": 2, u'silence': 1}"	6	26.9757823333	6	{u'A': 2, u'B': 2, u'SILENCE': 1, u'ZZZZZ': 1}	4
SALAMI_308	564.7673469	Colin Hua	0.957361866398	0.918211060524	1.0	51.3382641816	11	"{u'a': 2, u'c': 2, u'b': 1, u'd': 3, u'zzzzz': 1, u""d'"": 1, u""b'"": 1}"	7	62.7467674444	9	{u'A': 2, u'C': 2, u'B': 1, u'D': 3, u'ZZZZZ': 1}	5
SALAMI_308	564.7673469	Eleni Vasilia Maltas	0.854547824503	0.775382735925	0.951716223608	18.8255783333	30	"{u'a': 1, u'c': 6, u'b': 2, u'e': 5, u'd': 4, u'g': 2, u'f': 2, u'i': 1, u""e'"": 1, u'zzzzz': 1, u""c'"": 2, u""g'"": 2, u""f'"": 1}"	13	51.3424861818	11	{u'A': 1, u'C': 2, u'B': 4, u'E': 1, u'D': 2, u'ZZZZZ': 1}	6
SALAMI_308	564.7673469	John Turner	0.893179679864	0.876970491208	0.909999346235	18.8255782667	30	"{u'a': 1, u'c': 4, u'b': 10, u'e': 3, u'd': 6, u'f': 1, u""c'"": 1, u""b'"": 3, u'silence': 1}"	9	56.4767347	10	"{u'A': 3, u'C': 1, u'B': 2, u'D': 1, u""A'"": 1, u'ZZZZZ': 1, u""B'"": 1}"	7
SALAMI_308	564.7673469	Evan S. Johnson	0.929000869541	0.89236097846	0.968778422269	17.114162	33	"{u'a': 1, u'c': 3, u'b': 13, u'e': 1, u'd': 6, u""a'"": 1, u'f': 3, u'h': 1, u'g': 1, u""b'"": 1, u'silence': 2}"	11	51.3424860909	11	"{u'A': 1, u'C': 1, u'B': 3, u'E': 1, u'D': 2, u""A'"": 1, u'SILENCE': 2}"	7
SALAMI_308	564.7673469	Shuli Tang	1.0	1.0	1.0	56.4744126	10	{u'a': 1, u'c': 4, u'b': 3, u'd': 1, u'zzzzz': 1}	5	56.4744126	10	{u'A': 1, u'C': 4, u'B': 3, u'D': 1, u'ZZZZZ': 1}	5
Cerulean_Bob_Dylan-Like_a_Rolling_Stone_(Live)	482.0114286	Colin Hua	0.916939486881	0.846618887657	1.0	13.7710916571	35	"{u'a': 5, u'c': 4, u'b': 5, u'e': 4, u'd': 4, u""a'"": 2, u'f': 1, u""d'"": 4, u'zzzzz': 1, u""c'"": 1, u""b'"": 3, u'z': 1}"	12	20.0838095	24	{u'A': 5, u'C': 4, u'B': 4, u'E': 4, u'D': 4, u'F': 1, u'ZZZZZ': 1, u'Z': 1}	8
Cerulean_Bob_Dylan-Like_a_Rolling_Stone_(Live)	482.0114286	Eleni Vasilia Maltas	0.797117702918	0.674664361719	0.973879343711	7.531428625	64	"{u'a': 1, u'c': 7, u'b': 8, u'e': 4, u'd': 7, u'g': 15, u'f': 4, u'h': 4, u'zzzzz': 1, u""g'"": 11, u'z': 2}"	11	32.1340952667	15	{u'A': 1, u'C': 4, u'B': 4, u'D': 4, u'ZZZZZ': 1, u'Z': 1}	6
Cerulean_Bob_Dylan-Like_a_Rolling_Stone_(Live)	482.0114286	John Turner	0.817315937632	0.691068700119	1.0	8.31054181029	58	"{u'a': 1, u'c': 8, u'b': 8, u'e': 24, u'd': 4, u""e'"": 4, u""c'"": 8, u'z': 1}"	8	37.0778022308	13	{u'A': 4, u'C': 4, u'B': 4, u'Z': 1}	4
Cerulean_Bob_Dylan-Like_a_Rolling_Stone_(Live)	482.0114286	Evan S. Johnson	0.784508394926	0.701176502927	0.890319091793	11.7563763414	41	{u'a': 9, u'c': 4, u'b': 8, u'e': 4, u'd': 4, u'g': 3, u'f': 4, u'i': 1, u'h': 1, u'z': 1, u'silence': 2}	11	30.1257143124	16	"{u'A': 1, u'C': 4, u'B': 4, u'D': 3, u""D'"": 1, u'Z': 1, u'SILENCE': 2}"	7
Cerulean_Bob_Dylan-Like_a_Rolling_Stone_(Live)	482.0114286	Shuli Tang	0.868933659808	0.819938888886	0.924155827819	16.6210837586	29	"{u'a': 1, u'c': 4, u'b': 1, u'e': 4, u'd': 4, u'g': 4, u'f': 4, u'i': 1, u'h': 3, u'zzzzz': 1, u""g'"": 1, u'silence': 1}"	12	30.12571425	16	"{u'A': 1, u'C': 4, u'B': 4, u'D': 3, u'G': 1, u'ZZZZZ': 1, u""G'"": 1, u'SILENCE': 1}"	8
SALAMI_944	348.682449	Colin Hua	0.842139228554	0.727323396147	1.0	16.6039261428	21	"{u'a': 3, u'yyyyy': 1, u'c': 3, u'b': 3, u""c'''"": 1, u'zzzzz': 1, u""c'"": 3, u""c''"": 3, u""b'"": 3}"	9	31.6984045454	11	{u'A': 3, u'YYYYY': 1, u'C': 3, u'B': 3, u'ZZZZZ': 1}	5
SALAMI_944	348.682449	Eleni Vasilia Maltas	0.817224258932	0.714131122088	0.955104741639	13.4108633461	26	"{u'a': 1, u'c': 2, u'b': 3, u'e': 3, u'd': 3, u'f': 1, u""d'"": 3, u'zzzzz': 1, u""c'"": 2, u""c''"": 1, u""b'"": 2, u""f'"": 1, u'end': 1, u'silence': 1, u""d''"": 1}"	15	26.8217268461	13	"{u'A': 1, u'C': 3, u'B': 3, u'END': 1, u""A'"": 2, u'ZZZZZ': 1, u""C'"": 1, u'SILENCE': 1}"	8
SALAMI_944	348.682449	John Turner	0.715069818285	0.610598686749	0.86266927671	12.0235327241	29	"{u'a': 3, u'c': 3, u'b': 3, u'end': 1, u'd': 3, u'g': 6, u'f': 3, u'zzzzz': 1, u""f'"": 3, u'e': 3}"	10	43.585306	8	"{u'A': 3, u'B': 2, u'END': 1, u'ZZZZZ': 1, u""B'"": 1}"	5
SALAMI_944	348.682449	Evan S. Johnson	0.817229531165	0.690945160281	1.0	12.0235326207	29	"{u'a': 1, u'c': 3, u'b': 3, u'e': 1, u'd': 3, u""b''"": 3, u'f': 1, u""c'"": 5, u""c''"": 1, u""b'"": 6, u'silence': 2}"	11	31.6984043636	11	"{u'A': 1, u'C': 3, u'B': 3, u""A'"": 1, u""A''"": 1, u'SILENCE': 2}"	6
SALAMI_944	348.682449	Shuli Tang	0.907049209608	0.829908553597	1.0	29.05300075	12	"{u'a': 3, u'b': 3, u""a'"": 3, u'zzzzz': 1, u""b'"": 1, u'silence': 1}"	6	43.579501125	8	{u'A': 3, u'B': 3, u'SILENCE': 1, u'ZZZZZ': 1}	4
Cerulean_Leonard_Bernstein,_New_York_Philharmonic_&_Rudol	525.3746939	Colin Hua	0.652653701523	0.484399372501	1.0	30.9043937059	17	"{u'a': 3, u""a'''"": 2, u'b': 1, u'd': 1, u""a'"": 3, u""a''"": 2, u""c'"": 1, u'c': 1, u""a''''"": 1, u""b'"": 1, u'silence': 1}"	11	87.562449	6	{u'A': 2, u'C': 1, u'B': 1, u'SILENCE': 1, u'ZZZZZ': 1}	5
Cerulean_Leonard_Bernstein,_New_York_Philharmonic_&_Rudol	525.3746939	Eleni Vasilia Maltas	0.580499676334	0.416412397154	0.957999202418	17.5124898	30	"{u""b'"": 1, u""d'"": 1, u'j': 1, u""f'"": 1, u""h'"": 1, u""d''"": 1, u""a'"": 1, u""e'"": 1, u""c'"": 2, u""c''"": 1, u""g'"": 1, u'newpoint': 1, u'a': 1, u'c': 1, u'b': 1, u'e': 1, u'd': 2, u'g': 1, u""b''"": 1, u""a''"": 1, u'h': 1, u'k': 1, u'f': 1, u'm': 1, u'l': 1, u'n': 1, u'i': 1, u""e''"": 1}"	28	105.0749386	5	"{u'A': 1, u'NEWPOINT': 1, u'B': 1, u""A'"": 1, u""B'"": 1}"	5
Cerulean_Leonard_Bernstein,_New_York_Philharmonic_&_Rudol	525.3746939	John Turner	0.695525444886	0.53847974179	0.981890245699	21.8906122917	24	"{u""d'"": 2, u""q'"": 1, u'a': 1, u'c': 1, u'b': 1, u'e': 1, u'd': 1, u'g': 1, u'f': 1, u'i': 1, u'h': 1, u'k': 1, u'j': 1, u'm': 1, u'l': 1, u'o': 1, u'n': 1, u'q': 1, u'p': 1, u's': 1, u'r': 1, u'u': 1, u't': 1}"	23	87.562449	6	{u'A': 1, u'C': 1, u'B': 1, u'E': 1, u'D': 1, u'ZZZZZ': 1}	6
Cerulean_Leonard_Bernstein,_New_York_Philharmonic_&_Rudol	525.3746939	Evan S. Johnson	0.694944833379	0.548304909853	0.94865541481	14.5930964722	36	"{u""p''"": 1, u""b'"": 1, u""c'''"": 1, u""d'"": 1, u""a'''"": 1, u'p': 1, u'f': 1, u""a'"": 1, u""c'"": 2, u""c''''"": 1, u""c''"": 3, u""a''''"": 1, u'a': 1, u'c': 3, u'b': 1, u'e': 1, u'd': 1, u'g': 1, u""b''"": 1, u""a''"": 1, u'h': 1, u'k': 1, u'j': 1, u'm': 1, u'l': 1, u'o': 1, u'n': 1, u'q': 1, u'i': 1, u""p'"": 1, u'silence': 1}"	31	65.66893425	8	"{u'A': 1, u""A'''"": 1, u'B': 1, u""A'"": 1, u""A''"": 1, u'C': 1, u""B'"": 1, u'SILENCE': 1}"	8
Cerulean_Leonard_Bernstein,_New_York_Philharmonic_&_Rudol	525.3746939	Shuli Tang	0.730732373883	0.575711819042	1.0	22.8423780435	23	"{u'j': 1, u'zzzzz': 1, u""b'"": 1, u""a'"": 1, u""e'"": 1, u""c'"": 1, u""c''"": 1, u'a': 1, u'c': 1, u'b': 1, u'e': 1, u'd': 1, u'g': 1, u""b''"": 1, u""a''"": 1, u'h': 1, u'k': 1, u'f': 1, u'm': 1, u'l': 1, u'n': 1, u'i': 1, u'silence': 1}"	23	75.0535277143	7	"{u'A': 1, u'C': 1, u'B': 1, u""A'"": 1, u'ZZZZZ': 1, u""A''"": 1, u'SILENCE': 1}"	7
Cerulean_Yes-Starship_Trooper:_A._Life_Seeker,_B._Disillu	569.2865306	Colin Hua	1.0	1.0	1.0	24.7515883478	23	"{u'a': 1, u""i''"": 1, u'c': 1, u'b': 5, u'e': 1, u'd': 1, u'g': 1, u'f': 1, u'i': 1, u'h': 1, u""g'"": 1, u""g''"": 1, u""b'"": 3, u""f'"": 1, u""h'"": 1, u'silence': 2}"	16	24.7515883478	23	"{u'A': 1, u""I''"": 1, u'C': 1, u'B': 5, u'E': 1, u'D': 1, u'G': 1, u'F': 1, u'I': 1, u'H': 1, u""G'"": 1, u""G''"": 1, u""B'"": 3, u""F'"": 1, u""H'"": 1, u'SILENCE': 2}"	16
Cerulean_Yes-Starship_Trooper:_A._Life_Seeker,_B._Disillu	569.2865306	Eleni Vasilia Maltas	0.659183803126	0.494481645719	0.988400744598	5.80904623467	98	"{u'j': 1, u'zzzzz': 1, u""d'"": 3, u""b'"": 1, u""j'"": 3, u""h'"": 3, u""m'"": 3, u""n''"": 1, u'end': 1, u""r'"": 3, u""q'"": 2, u""h''"": 1, u""s'"": 1, u't': 1, u""n'"": 2, u""c'"": 1, u""k''"": 1, u""k'"": 3, u""i'"": 3, u'a': 16, u'c': 11, u'b': 3, u'e': 3, u'd': 9, u'g': 1, u""b''"": 1, u'i': 1, u'h': 1, u'k': 2, u'f': 3, u'm': 1, u'l': 2, u'o': 1, u'n': 1, u'q': 1, u'p': 1, u's': 1, u'r': 1, u""p'"": 1, u""t'"": 1, u'silence': 1}"	41	51.7533210909	11	{u'A': 2, u'C': 2, u'B': 2, u'END': 1, u'D': 1, u'ZZZZZ': 1, u'E': 1, u'SILENCE': 1}	8
Cerulean_Yes-Starship_Trooper:_A._Life_Seeker,_B._Disillu	569.2865306	John Turner	0.864729331104	0.835397506294	0.896195860236	10.741255283	53	"{u'a': 16, u'c': 1, u'b': 3, u'e': 4, u'd': 1, u'g': 5, u'f': 1, u'h': 3, u""e'"": 4, u'end': 1, u""h'"": 14}"	11	63.2540591111	9	"{u'A': 1, u'C': 1, u'END': 1, u'D': 1, u""A'"": 2, u'F': 1, u'G': 1, u'E': 1}"	8
Cerulean_Yes-Starship_Trooper:_A._Life_Seeker,_B._Disillu	569.2865306	Evan S. Johnson	0.766576074047	0.64112937321	0.953055947393	14.9812245789	38	"{u'a': 14, u""l'"": 1, u'c': 1, u'b': 3, u'e': 1, u'd': 1, u""a'"": 1, u'f': 1, u'i': 1, u'h': 4, u'k': 1, u'j': 1, u'm': 1, u'l': 1, u'o': 1, u'n': 1, u'q': 1, u'g': 1, u'silence': 2}"	19	43.7912717692	13	"{u'A': 3, u'C': 1, u'B': 3, u'E': 1, u'D': 1, u""A'"": 1, u'F': 1, u'SILENCE': 2}"	8
Cerulean_Yes-Starship_Trooper:_A._Life_Seeker,_B._Disillu	569.2865306	Shuli Tang	0.810407723156	0.681248305768	1.0	23.7183371666	24	"{u'a': 2, u""a'''"": 1, u'b': 1, u'd': 1, u""a'"": 5, u""b''"": 2, u""a''"": 3, u""d'"": 1, u'zzzzz': 1, u""c'"": 1, u'c': 1, u""b'''"": 2, u""a''''"": 1, u""b'"": 1, u'silence': 1}"	15	63.2488989999	9	{u'A': 3, u'C': 1, u'B': 2, u'D': 1, u'ZZZZZ': 1, u'SILENCE': 1}	6
Epiphyte_0723_hotelroomservice	237.2963265	Colin Hua	1.0	1.0	1.0	18.2535635385	13	"{u'a': 1, u'yyyyy': 1, u'c': 2, u'b': 3, u""b''"": 2, u""b'''"": 1, u""b'"": 3}"	7	18.2535635385	13	"{u'A': 1, u'YYYYY': 1, u'C': 2, u'B': 3, u""B''"": 2, u""B'''"": 1, u""B'"": 3}"	7
Epiphyte_0723_hotelroomservice	237.2963265	Eleni Vasilia Maltas	0.870125798667	0.770108563981	1.0	11.86481625	20	"{u'a': 1, u'c': 3, u'b': 1, u'e': 2, u'd': 2, u'g': 1, u""b''"": 2, u""d'"": 2, u'f': 1, u""c'"": 1, u""b'"": 3, u'silence': 1}"	12	19.7746938333	12	{u'YYYYY': 1, u'C': 4, u'B': 3, u'E': 1, u'D': 2, u'ZZZZZ': 1}	6
Epiphyte_0723_hotelroomservice	237.2963265	John Turner	0.887200416888	0.883724174904	0.89070411536	7.90987753333	30	"{u'a': 1, u'c': 2, u'b': 2, u'e': 4, u'd': 8, u'f': 1, u""c'"": 8, u""b'"": 2, u""f'"": 2}"	9	19.7746938333	12	"{u'A': 1, u'C': 3, u'B': 1, u'E': 2, u'D': 2, u'F': 1, u'ZZZZZ': 1, u""C'"": 1}"	8
Epiphyte_0723_hotelroomservice	237.2963265	Evan S. Johnson	0.872384833931	0.773654754018	1.0	13.9586074706	17	"{u'a': 1, u'c': 4, u'b': 1, u'e': 1, u'd': 1, u""b''"": 3, u""d'"": 1, u""b'''"": 1, u""b'"": 3, u'silence': 1}"	10	26.3662585556	9	{u'A': 1, u'C': 2, u'B': 3, u'E': 1, u'D': 1, u'SILENCE': 1}	6
Epiphyte_0723_hotelroomservice	237.2963265	Shuli Tang	0.816333937437	0.68966574548	1.0	14.8310204375	16	"{u'a': 1, u'c': 4, u'b': 1, u""b''"": 3, u'zzzzz': 1, u""b'''"": 2, u""b'"": 3, u'silence': 1}"	8	26.3662584444	9	"{u'A': 4, u'B': 2, u'SILENCE': 1, u""A'"": 1, u'ZZZZZ': 1}"	5
SALAMI_114	262.3216327	Colin Hua				16.1507684444	18	"{u'a': 3, u'c': 2, u'b': 1, u'd': 1, u""a'"": 3, u""a''"": 2, u""d'"": 1, u""c'"": 2, u""b'"": 1, u'silence': 1, u""d''"": 1}"	11	32.78730175	8	{u'A': 3, u'C': 2, u'B': 1, u'D': 1, u'SILENCE': 1}	5
SALAMI_114	262.3216327	Eleni Vasilia Maltas	0.653098945354	0.524538783344	0.865136923415	7.05943256093	41	"{u'a': 2, u""b''''"": 1, u'b': 2, u'e': 2, u'd': 2, u""a'"": 1, u""b''"": 6, u'h': 1, u""e'"": 1, u'f': 2, u""c'"": 2, u'c': 2, u""b'''"": 1, u""g'"": 1, u'g': 2, u""b'"": 8, u""f'"": 1, u'end': 1, u""f''"": 2, u'silence': 1}"	20	20.6740525714	14	"{u'A': 4, u'C': 2, u'B': 2, u'END': 1, u""A'"": 2, u""C'"": 1, u""B'"": 1, u'SILENCE': 1}"	8
SALAMI_114	262.3216327	John Turner				10.2688248276	29	"{u'a': 2, u'c': 3, u'b': 2, u'e': 1, u'd': 2, u""a'"": 2, u'f': 1, u""d'"": 1, u""e'"": 1, u""c'"": 11, u'g': 1, u'h': 1, u'silence': 1}"	13	74.44897975	4	"{u'A': 1, u'B': 1, u'SILENCE': 1, u""A'"": 1}"	4
SALAMI_114	262.3216327	Evan S. Johnson	0.472748616337	0.309542110352	1.0	12.9486581304	23	"{u'a': 2, u'c': 2, u""b''''"": 1, u'e': 2, u'd': 2, u'g': 1, u""b''"": 1, u'i': 1, u'h': 1, u'f': 2, u""b'''"": 1, u'b': 2, u""b'"": 2, u'j': 1, u'silence': 2}"	15	59.5638276	5	{u'A': 2, u'B': 1, u'SILENCE': 2}	3
SALAMI_114	262.3216327	Shuli Tang				26.3483157273	11	"{u'a': 1, u'c': 1, u'b': 1, u'd': 1, u""a'"": 1, u""b''"": 1, u""a''"": 1, u""d'"": 1, u""c'"": 1, u""b'"": 1, u'silence': 1}"	11	42.1632159091	11	{u'A': 3, u'C': 2, u'B': 4, u'D': 1, u'SILENCE': 1}	5
SALAMI_1170	268.5126531	Colin Hua				36.2864563636	11	"{u'a': 1, u'c': 3, u'b': 2, u'e': 1, u'd': 2, u""a'"": 1, u'z': 1}"	7	39.915102	10	{u'A': 1, u'C': 3, u'B': 2, u'E': 1, u'D': 2, u'Z': 1}	6
SALAMI_1170	268.5126531	Eleni Vasilia Maltas				15.3871272692	26	"{u'a': 1, u'c': 2, u'b': 4, u'e': 2, u'ba': 1, u""a'"": 1, u""b''"": 3, u""d'"": 2, u""b'"": 5, u'end': 1, u'z': 1, u'silence': 1, u'd': 2}"	13	33.26802725	12	"{u'A': 1, u'C': 2, u'B': 4, u'D': 2, u""A'"": 1, u'Z': 1, u'SILENCE': 1}"	7
SALAMI_1170	268.5126531	John Turner				4.69753334118	85	"{u'a': 62, u'b': 2, u""b'"": 2, u'z': 1, u""a'"": 18}"	5	42.6498967777	9	"{u'A': 2, u'C': 2, u'B': 2, u'D': 2, u""A'"": 1}"	5
SALAMI_1170	268.5126531	Evan S. Johnson				24.9556009374	16	"{u'a': 1, u'c': 2, u""b''''"": 1, u'e': 2, u'd': 2, u""b''"": 1, u""d'"": 1, u""b'''"": 1, u""b'''''"": 1, u'b': 1, u""b'"": 1, u'z': 1, u'silence': 1}"	13	49.91120175	8	"{u'A': 1, u'B': 1, u""A'"": 1, u""B''"": 1, u""A''"": 1, u""B'"": 1, u'Z': 1, u'SILENCE': 1}"	8
SALAMI_1170	268.5126531	Shuli Tang				49.917097375	8	"{u'a': 1, u""a'''"": 1, u'b': 2, u""a'"": 1, u""a''"": 1, u""b'"": 1, u'z': 1}"	7	63.9787148333	6	{u'A': 3, u'B': 3}	2
SALAMI_940	544.0522449	Colin Hua	0.920787271963	0.853202754231	1.0	24.7285920909	22	"{u'a': 1, u'c': 1, u'b': 1, u'e': 1, u'd': 1, u'g': 1, u'f': 1, u'i': 1, u""d'"": 1, u""e'"": 1, u'z': 2, u""c'"": 1, u'h': 1, u""g'"": 1, u""g''"": 1, u""b'"": 1, u'zzzzz': 1, u""f'"": 1, u""f''"": 1, u""h'"": 1, u""i'"": 1}"	21	45.3357520833	12	{u'A': 1, u'C': 1, u'B': 1, u'E': 1, u'D': 1, u'G': 1, u'F': 1, u'I': 1, u'H': 1, u'ZZZZZ': 1, u'Z': 2}	11
SALAMI_940	544.0522449	Eleni Vasilia Maltas	0.748708708845	0.610764100343	0.967143717356	10.6676911568	51	"{u""b'"": 1, u'zzzzz': 1, u""d'"": 1, u""n'"": 1, u""h'"": 2, u""n''"": 2, u'end': 1, u""o'"": 2, u""u'"": 1, u't': 1, u""d''"": 1, u""a'"": 1, u""e'"": 1, u""x'"": 1, u""g'"": 1, u""g''"": 1, u""o''"": 1, u""i'"": 1, u'a': 1, u""l'"": 1, u'c': 2, u'b': 1, u'e': 1, u'd': 1, u'g': 1, u'f': 1, u'i': 1, u'h': 1, u'k': 1, u'j': 1, u'm': 1, u'l': 1, u'o': 1, u'n': 1, u'q': 1, u'p': 1, u's': 1, u'r': 1, u'u': 1, u""p'"": 1, u'w': 1, u'v': 1, u'y': 1, u'x': 1, u'z': 2, u'silence': 1}"	46	60.4502494443	9	"{u'A': 1, u'C': 1, u'B': 1, u'END': 1, u'D': 1, u'ZZZZZ': 1, u""D'"": 1, u""C'"": 1, u'SILENCE': 1}"	9
SALAMI_940	544.0522449	John Turner	0.834862917935	0.73488448667	0.966328485394	15.1119173611	36	"{u'zzzzz': 1, u""d'"": 4, u""f'"": 1, u""i'"": 2, u'a': 1, u'c': 1, u'b': 1, u'e': 2, u'd': 1, u'g': 1, u'f': 1, u'i': 4, u'h': 1, u'k': 1, u'j': 2, u'm': 1, u'l': 1, u'o': 1, u'n': 1, u'q': 1, u'p': 1, u's': 1, u'r': 1, u't': 1, u""t'"": 1, u'z': 2}"	26	49.4571840909	11	"{u'A': 1, u'C': 1, u'B': 1, u'E': 1, u'D': 1, u'G': 1, u'F': 1, u'ZZZZZ': 1, u""B'"": 1, u'Z': 2}"	10
SALAMI_940	544.0522449	Evan S. Johnson	0.801377990853	0.680893042858	0.973670265781	24.7295546818	22	"{u'a': 1, u'c': 1, u'b': 1, u'e': 2, u'd': 1, u'g': 1, u'f': 1, u'i': 1, u'h': 1, u""e'"": 1, u'j': 1, u'm': 1, u'l': 1, u'o': 1, u'n': 1, u'p': 1, u'z': 2, u'k': 1, u'silence': 2}"	19	60.4500225556	9	"{u'A': 1, u'C': 1, u'B': 1, u'D': 1, u""B'"": 1, u'Z': 2, u'SILENCE': 2}"	7
SALAMI_940	544.0522449	Shuli Tang	0.842414641294	0.727734360977	1.0	28.6318844737	19	"{u'a': 1, u'c': 1, u'b': 1, u'e': 1, u'd': 1, u""a'"": 1, u'zzzzz': 1, u""a''"": 1, u""d'"": 1, u""e'"": 1, u""c'"": 1, u""c''"": 1, u""d'''"": 1, u'z': 2, u""e''"": 1, u""d''''"": 1, u'silence': 1, u""d''"": 1}"	18	49.4550730909	11	{u'A': 1, u'C': 1, u'B': 1, u'E': 2, u'D': 2, u'ZZZZZ': 1, u'Z': 2, u'SILENCE': 1}	8
Cerulean_Prince_&_The_Revolution-Purple_Rain	522.4228571	Colin Hua	0.897255086548	0.81365606461	1.0	37.3159184286	14	"{u'a': 1, u'yyyyy': 1, u'c': 3, u'b': 3, u'e': 1, u'd': 1, u'zzzzz': 1, u""d'"": 1, u""e'"": 1, u""e''"": 1}"	10	47.4929870909	11	{u'A': 1, u'YYYYY': 1, u'C': 3, u'B': 3, u'E': 1, u'D': 1, u'ZZZZZ': 1}	7
Cerulean_Prince_&_The_Revolution-Purple_Rain	522.4228571	Eleni Vasilia Maltas	0.701222547413	0.570693908124	0.909166316341	14.5117460833	36	"{u'a': 1, u'c': 5, u'b': 3, u'e': 2, u'd': 3, u'g': 2, u'f': 1, u'i': 1, u""d'"": 5, u""e'"": 1, u'z': 1, u'zzzzz': 1, u'h': 1, u""b'"": 2, u""f'"": 1, u""f''"": 1, u""e''"": 3, u""d''"": 2}"	18	52.2422857	10	{u'A': 1, u'C': 3, u'B': 3, u'E': 1, u'D': 1, u'ZZZZZ': 1}	6
Cerulean_Prince_&_The_Revolution-Purple_Rain	522.4228571	John Turner	0.905771502499	0.874034322503	0.939900352948	22.7140373043	23	"{u'a': 6, u'c': 4, u'b': 3, u'e': 1, u'd': 3, u""a'"": 1, u'f': 1, u""c'"": 2, u'z': 1, u'silence': 1}"	10	43.5352379999	12	{u'A': 1, u'C': 3, u'B': 3, u'E': 1, u'D': 1, u'F': 1, u'Z': 1, u'SILENCE': 1}	8
Cerulean_Prince_&_The_Revolution-Purple_Rain	522.4228571	Evan S. Johnson	0.731867313203	0.591527336753	0.959511636907	14.9263673714	35	"{u'a': 1, u'c': 2, u'b': 5, u'e': 3, u'd': 3, u'g': 2, u'f': 3, u'h': 1, u'k': 1, u'j': 1, u""c'"": 3, u'l': 1, u""j''"": 1, u""g'"": 1, u""j'''"": 1, u'm': 1, u""b'"": 1, u'silence': 2, u""j'"": 1, u""j''''"": 1}"	20	47.492987	11	"{u'A': 1, u'C': 3, u'B': 2, u'E': 1, u'D': 1, u""B'"": 1, u'SILENCE': 2}"	7
Cerulean_Prince_&_The_Revolution-Purple_Rain	522.4228571	Shuli Tang	0.794913234439	0.659631536214	1.0	20.89691432	25	"{u'a': 1, u""a'''"": 3, u'b': 3, u'e': 1, u'd': 3, u""a'"": 3, u'zzzzz': 1, u""a''"": 5, u'c': 3, u""a''''"": 1, u'silence': 1}"	11	58.0469841111	9	{u'A': 3, u'C': 1, u'B': 3, u'SILENCE': 1, u'ZZZZZ': 1}	5
SALAMI_1562	240.0653061	Colin Hua				22.4583402667	15	"{u'a': 1, u""a'''"": 1, u'b': 1, u'd': 1, u""a'"": 1, u""b''"": 1, u""a''"": 1, u""d'"": 1, u""c'"": 1, u'c': 1, u""d'''"": 1, u""b'"": 1, u""d'''''"": 1, u""d''''"": 1, u""d''"": 1}"	15	60.0105214998	4	{u'A': 1, u'C': 1, u'B': 1, u'D': 1}	4
SALAMI_1562	240.0653061	Eleni Vasilia Maltas	0.609742171421	0.452880387299	0.93284769194	7.45102544444	45	"{u'j': 2, u""d'"": 2, u""b'"": 2, u""f'"": 1, u""h'"": 2, u'end': 1, u""q'"": 1, u""d''"": 2, u""e'"": 1, u""c'"": 2, u""c''"": 2, u""g'"": 2, u""k'"": 2, u'a': 1, u'c': 1, u'b': 1, u'e': 1, u'd': 1, u'g': 1, u""b''"": 2, u'i': 1, u'h': 1, u'k': 1, u'f': 1, u'm': 1, u'l': 1, u'o': 1, u'n': 1, u'q': 1, u'p': 1, u'r': 1, u""e''"": 3, u'silence': 1}"	33	33.5296145	10	"{u'A': 1, u'C': 1, u'B': 1, u'END': 1, u'D': 1, u""C'"": 1, u""B'"": 3, u'SILENCE': 1}"	8
SALAMI_1562	240.0653061	John Turner	0.304137968165	0.248855494424	0.390996659419	5.59562839344	61	"{u'a': 13, u'c': 7, u'b': 8, u'e': 4, u'd': 8, u""a'"": 9, u'f': 4, u'i': 1, u'h': 1, u""c'"": 1, u'g': 4, u'silence': 1}"	12	48.7619047141	7	"{u'A': 1, u'C': 1, u'B': 1, u'D': 1, u""B'"": 2, u'SILENCE': 1}"	6
SALAMI_1562	240.0653061	Evan S. Johnson	0.419290739185	0.265254812874	1.0	11.3785034333	30	"{u""d'"": 1, u""a'''"": 1, u'p': 1, u""a'"": 1, u""a''''"": 1, u'a': 1, u'c': 1, u'b': 1, u'e': 1, u'd': 2, u'g': 1, u'f': 1, u""a''"": 1, u'h': 1, u'k': 1, u'j': 1, u'm': 1, u'l': 1, u'o': 1, u'n': 1, u'q': 1, u'i': 1, u's': 1, u'r': 1, u'u': 1, u't': 1, u'v': 1, u'silence': 2}"	28	68.2710206	5	"{u'A': 1, u'B': 1, u'SILENCE': 2, u""A'"": 1}"	4
SALAMI_1562	240.0653061	Shuli Tang				37.2396473333	9	"{u'a': 1, u""a'''"": 1, u'b': 1, u'e': 1, u'd': 1, u""a'"": 1, u""a''"": 1, u""c'"": 1, u'c': 1}"	9	55.8594708333	6	{u'A': 2, u'C': 1, u'B': 1, u'E': 1, u'D': 1}	5
Isophonics_07_-_Maggie_Mae	40.80326531	Colin Hua	1.0	1.0	1.0	6.80054416667	6	"{u'a': 1, u'yyyyy': 1, u'c': 1, u'b': 1, u""a'"": 1, u'zzzzz': 1}"	6	6.80054416667	6	"{u'A': 1, u'YYYYY': 1, u'C': 1, u'B': 1, u""A'"": 1, u'ZZZZZ': 1}"	6
Isophonics_07_-_Maggie_Mae	40.80326531	Eleni Vasilia Maltas	0.563608721552	0.392378267683	1.0	2.72021746667	15	"{u'a': 1, u'c': 1, u'b': 1, u'e': 1, u'd': 1, u'g': 2, u'f': 1, u""e'"": 1, u'zzzzz': 1, u""c'"": 1, u""g'"": 1, u""b'"": 1, u'end': 1, u'silence': 1}"	14	6.80054416667	6	{u'A': 2, u'B': 1, u'END': 1, u'SILENCE': 1, u'ZZZZZ': 1}	5
Isophonics_07_-_Maggie_Mae	40.80326531	John Turner	0.847751681235	0.735736965226	1.0	8.1606532	5	"{u'a': 1, u'b': 1, u'end': 1, u'silence': 1, u""a'"": 1}"	5	10.20081625	4	{u'A': 1, u'B': 1, u'SILENCE': 1, u'ZZZZZ': 1}	4
Isophonics_07_-_Maggie_Mae	40.80326531	Evan S. Johnson	0.916755711888	0.84630560433	1.0	8.1606532	5	{u'a': 1, u'c': 1, u'b': 1, u'silnce': 1, u'silence': 1}	5	10.20081625	4	{u'A': 1, u'B': 1, u'SILENCE': 2}	3
Isophonics_07_-_Maggie_Mae	40.80326531	Shuli Tang	1.0	1.0	1.0	10.2008159998	4	{u'a': 1, u'b': 1, u'silence': 1, u'zzzzz': 1}	4	10.2008159998	4	{u'A': 1, u'B': 1, u'SILENCE': 1, u'ZZZZZ': 1}	4
SALAMI_278	373.4465306	Colin Hua	0.824393366153	0.701249331552	1.0	31.11667425	12	"{u'a': 1, u'c': 1, u'b': 1, u""c'''"": 2, u""a'"": 1, u'zzzzz': 1, u""c'"": 1, u""c''''"": 1, u""c''"": 1, u""b'"": 1, u'silence': 1}"	11	74.6800182	5	{u'A': 1, u'C': 1, u'B': 1, u'SILENCE': 1, u'ZZZZZ': 1}	5
SALAMI_278	373.4465306	Eleni Vasilia Maltas	0.770463805839	0.626629626275	1.0	14.3633280769	26	"{u""p''"": 1, u'zzzzz': 1, u'end': 1, u""p'''"": 1, u'a': 1, u""l'"": 3, u'c': 1, u'b': 1, u'e': 1, u'd': 1, u'g': 1, u'f': 1, u'i': 1, u'h': 1, u'k': 1, u'j': 1, u'm': 1, u'l': 1, u'o': 2, u'n': 1, u'p': 1, u""p'"": 1, u'silence': 1}"	23	62.2410884998	6	{u'A': 1, u'C': 1, u'B': 1, u'END': 1, u'ZZZZZ': 1, u'SILENCE': 1}	6
SALAMI_278	373.4465306	John Turner	0.743043374603	0.591144801332	1.0	31.11860925	12	"{u'a': 1, u'c': 1, u'b': 1, u'e': 1, u'd': 2, u'g': 1, u'f': 1, u'i': 1, u'h': 1, u""h'"": 1, u'silence': 1}"	11	124.482177	3	{u'A': 1, u'B': 1, u'SILENCE': 1}	3
SALAMI_278	373.4465306	Evan S. Johnson	0.773795706532	0.631049581749	1.0	19.6550806316	19	"{u'a': 1, u'c': 1, u'b': 1, u'e': 1, u'd': 1, u'g': 1, u'f': 1, u'i': 1, u'h': 1, u""e'"": 1, u'j': 1, u""c'"": 1, u'l': 1, u'n': 1, u'm': 1, u'k': 2, u'silence': 2}"	17	74.6893062	5	"{u'A': 1, u'B': 1, u'SILENCE': 2, u""A'"": 1}"	4
SALAMI_278	373.4465306	Shuli Tang	0.797670585853	0.663437637363	1.0	41.4888991111	9	"{u'a': 1, u""b''''"": 1, u'b': 1, u""a'"": 1, u""b''"": 1, u'zzzzz': 1, u""b'''"": 1, u""b'"": 1, u'silence': 1}"	9	93.35002275	4	{u'A': 1, u'B': 1, u'SILENCE': 1, u'ZZZZZ': 1}	4
SALAMI_286	574.6416327	Colin Hua	0.953723442104	0.911540486028	1.0	35.915102	16	"{u'a': 3, u'yyyyy': 1, u'c': 3, u'b': 3, u'd': 1, u'zzzzz': 1, u""c'"": 2, u""b'"": 2}"	8	47.88680275	12	{u'A': 3, u'YYYYY': 1, u'C': 3, u'B': 3, u'D': 1, u'ZZZZZ': 1}	6
SALAMI_286	574.6416327	Eleni Vasilia Maltas	0.812431360193	0.724974228675	0.923883926147	12.4922093695	46	"{u'zzzzz': 1, u""f'"": 1, u""j'"": 1, u""h'"": 2, u""m'"": 2, u'end': 1, u""e'"": 1, u""l''"": 1, u""g'"": 1, u""k'"": 1, u""i'"": 1, u'a': 4, u""l'"": 1, u'c': 4, u'b': 4, u'e': 3, u'd': 5, u'g': 2, u'f': 2, u'i': 2, u'h': 1, u'k': 1, u'j': 1, u'm': 1, u'l': 1, u'silence': 1}"	26	57.4641632	10	"{u'A': 3, u'B': 2, u'END': 1, u""A'"": 1, u'ZZZZZ': 1, u""B'"": 1, u'SILENCE': 1}"	7
SALAMI_286	574.6416327	John Turner	0.708695827372	0.642944851522	0.789426833355	31.9232451666	18	{u'a': 4, u'c': 3, u'b': 3, u'e': 3, u'd': 3, u'f': 1, u'silence': 1}	7	143.66040825	4	"{u'A': 2, u'SILENCE': 1, u""A'"": 1}"	3
SALAMI_286	574.6416327	Evan S. Johnson	0.868101735192	0.805612091663	0.941100967169	31.9245351667	18	{u'a': 4, u'c': 3, u'b': 3, u'e': 3, u'd': 3, u'silence': 2}	6	63.8490703333	9	"{u'A': 3, u'B': 3, u'SILENCE': 2, u""A'"": 1}"	4
SALAMI_286	574.6416327	Shuli Tang	0.867566608304	0.766108289164	1.0	38.3063462	15	"{u'a': 2, u""a'''"": 1, u'b': 2, u""a'"": 3, u""b''"": 1, u""a''"": 1, u'zzzzz': 1, u""b'''"": 1, u""b'"": 2, u'silence': 1}"	10	71.824399125	8	{u'A': 3, u'B': 3, u'SILENCE': 1, u'ZZZZZ': 1}	4
SALAMI_728	525.0612245	Colin Hua	0.936955924256	0.881389535614	1.0	25.0007040476	21	"{u'a': 1, u'c': 3, u'b': 6, u'e': 2, u'd': 1, u""a'"": 1, u'zzzzz': 1, u""e'"": 1, u""b'"": 4, u'silence': 1}"	10	35.0009856667	15	{u'A': 1, u'C': 3, u'B': 6, u'E': 2, u'D': 1, u'ZZZZZ': 1, u'SILENCE': 1}	7
SALAMI_728	525.0612245	Eleni Vasilia Maltas	0.713723429694	0.616582334523	0.847197382777	3.16301949999	166	"{u""b'"": 17, u'zzzzz': 1, u""d'"": 8, u'j': 2, u""f'"": 10, u""j'"": 2, u""h'"": 6, u'end': 1, u""i''"": 1, u""h''"": 6, u""d''"": 2, u""e'"": 15, u""c'"": 13, u""c''"": 6, u""g'"": 3, u'newpoint': 1, u""f''"": 2, u""i'"": 10, u'a': 1, u'c': 12, u'b': 5, u'e': 8, u'd': 4, u'g': 3, u""b''"": 6, u'i': 2, u'h': 2, u'k': 2, u'f': 8, u'm': 2, u'l': 2, u""e''"": 3}"	32	29.1700680556	18	"{u'A': 2, u'C': 1, u'B': 5, u'END': 1, u'D': 1, u""A'"": 4, u'ZZZZZ': 1, u""C'"": 1, u""B'"": 1, u'SILENCE': 1}"	10
SALAMI_728	525.0612245	John Turner	0.798290232244	0.747383863294	0.856638215376	16.9367097419	31	"{u'a': 2, u'c': 3, u'b': 15, u'end': 1, u'd': 4, u'zzzzz': 1, u""d'"": 1, u""c'"": 3, u""b'"": 1}"	9	52.5061224	10	"{u'A': 1, u'B': 1, u'ZZZZZ': 1, u""A'"": 5, u""B'"": 2}"	5
SALAMI_728	525.0612245	Evan S. Johnson	0.806894572631	0.690377207508	0.97072765972	20.1946624231	26	"{u'a': 1, u'c': 7, u""b''''"": 1, u'e': 3, u'd': 4, u'g': 1, u""b''"": 1, u""d'"": 2, u'zzzzz': 1, u""b'''"": 1, u""b'''''"": 1, u'b': 1, u""b'"": 1, u'silence': 1}"	14	35.0040816	15	{u'A': 5, u'C': 1, u'B': 7, u'SILENCE': 1, u'ZZZZZ': 1}	5
SALAMI_728	525.0612245	Shuli Tang	0.813909081201	0.686211375789	1.0	22.8267296521	23	"{u""b'"": 1, u""b'''''''"": 1, u""d'"": 1, u""b'''"": 1, u""b''''''''"": 1, u""a'''"": 1, u'zzzzz': 1, u""b'''''"": 1, u""b''''''"": 1, u""b''''"": 1, u""a'"": 1, u""e'"": 1, u""c'"": 1, u""c''"": 1, u'a': 1, u'c': 1, u'b': 1, u'e': 1, u'd': 1, u""b''"": 1, u""a''"": 1, u""b'''''''''"": 1, u'silence': 1}"	23	27.6323569473	19	{u'A': 4, u'C': 2, u'B': 8, u'E': 2, u'D': 1, u'ZZZZZ': 1, u'SILENCE': 1}	7
SALAMI_542	282.6710204	Colin Hua	0.820413284658	0.695509091437	1.0	16.6277071176	17	"{u'a': 1, u'yyyyy': 1, u'c': 2, u'b': 4, u'd': 1, u""b''"": 1, u'zzzzz': 1, u""c'"": 2, u""c''"": 2, u""b'"": 2}"	10	35.3338776249	8	{u'YYYYY': 1, u'C': 2, u'B': 2, u'D': 1, u'ZZZZZ': 1, u'Z': 1}	6
SALAMI_542	282.6710204	Eleni Vasilia Maltas	0.613923565158	0.442921869044	1.0	4.9591407193	57	"{u""b'"": 2, u'zzzzz': 1, u""j'"": 3, u""h'"": 2, u""m'"": 1, u'end': 1, u""c'"": 1, u""g'"": 3, u""k''"": 1, u""k'"": 3, u""i'"": 2, u'a': 1, u""l'"": 1, u'c': 2, u'b': 1, u'e': 3, u'd': 3, u'g': 2, u'f': 3, u'i': 4, u'h': 4, u'k': 3, u'j': 3, u'm': 1, u'l': 1, u'o': 1, u'n': 1, u'q': 1, u'p': 1, u'silence': 1}"	30	20.1907872143	14	"{u'A': 1, u'C': 6, u'B': 3, u'END': 1, u'ZZZZZ': 1, u""B'"": 1, u'SILENCE': 1}"	7
SALAMI_542	282.6710204	John Turner	0.738978466612	0.812325186324	0.677780131095	17.6669388125	16	{u'a': 5, u'c': 6, u'b': 3, u'end': 1, u'zzzzz': 1}	5	47.1118366667	6	"{u'A': 2, u'C': 1, u'B': 1, u""A'"": 1, u'ZZZZZ': 1}"	5
SALAMI_542	282.6710204	Evan S. Johnson	0.858838658859	0.752600555151	1.0	15.7039456111	18	{u'a': 1, u'c': 3, u'b': 3, u'e': 6, u'd': 2, u'f': 1, u'silence': 2}	7	31.4078911111	9	"{u'A': 1, u'C': 2, u'B': 3, u'SILENCE': 2, u""A'"": 1}"	5
SALAMI_542	282.6710204	Shuli Tang	0.951830992067	0.908089234525	1.0	40.3749401429	7	"{u'a': 2, u'c': 1, u'b': 2, u""a'"": 1, u'zzzzz': 1}"	5	47.1118368333	6	{u'A': 2, u'C': 1, u'B': 2, u'ZZZZZ': 1}	4
SALAMI_546	490.7885714	Colin Hua	0.902020466555	0.866832467564	0.940186168927	40.8951775	12	"{u'a': 4, u'c': 2, u'b': 3, u""a'"": 1, u'zzzzz': 1, u""c'"": 1}"	6	49.078857	10	{u'A': 3, u'C': 2, u'B': 4, u'ZZZZZ': 1}	4
SALAMI_546	490.7885714	Eleni Vasilia Maltas	0.85440101438	0.772685421838	0.955444333782	19.63154284	25	"{u'a': 1, u'c': 1, u'b': 1, u'e': 2, u'd': 3, u""a'"": 2, u""b''"": 3, u""a''"": 1, u""d'"": 2, u'zzzzz': 1, u""c'"": 1, u""c''"": 1, u""b'''"": 1, u""b'"": 2, u'end': 1, u'silence': 1, u""d''"": 1}"	17	40.8990475833	12	"{u'A': 3, u'C': 2, u'B': 3, u'END': 1, u'ZZZZZ': 1, u""B'"": 1, u'SILENCE': 1}"	7
SALAMI_546	490.7885714	John Turner	0.706924833403	0.64986705159	0.774966216963	40.8990476667	12	{u'a': 3, u'c': 2, u'b': 3, u'e': 1, u'd': 2, u'zzzzz': 1}	6	122.69714275	4	{u'A': 1, u'C': 1, u'B': 1, u'ZZZZZ': 1}	4
SALAMI_546	490.7885714	Evan S. Johnson	0.834238806499	0.755874802792	0.930730689749	21.3386335217	23	"{u'a': 6, u'c': 3, u'b': 3, u'e': 2, u'd': 3, u""a'"": 3, u'zzzzz': 1, u""e'"": 1, u'silence': 1}"	9	61.348571375	8	{u'A': 3, u'B': 3, u'SILENCE': 1, u'ZZZZZ': 1}	4
SALAMI_546	490.7885714	Shuli Tang	0.911724751649	0.837770364649	1.0	49.0742132	10	"{u'a': 4, u'b': 3, u""a'"": 2, u'zzzzz': 1}"	4	61.3427665	8	{u'A': 4, u'B': 3, u'ZZZZZ': 1}	3
SALAMI_164	209.8155102	Colin Hua				19.2741637241	29	"{u""b'"": 1, u""g'''"": 1, u""f'"": 1, u""g''''"": 1, u""f'''"": 1, u""g'''''"": 1, u""a'"": 1, u""e'"": 1, u""c'"": 1, u""c''"": 1, u""g'"": 3, u""g''"": 2, u""f''"": 2, u'a': 1, u'c': 1, u'b': 1, u'e': 1, u'd': 1, u'g': 2, u""b''"": 1, u""a''"": 1, u'h': 1, u'f': 1, u'silence': 1}"	24	46.5792290833	12	{u'A': 1, u'C': 1, u'B': 1, u'E': 1, u'D': 1, u'G': 3, u'F': 2, u'H': 1, u'SILENCE': 1}	9
SALAMI_164	209.8155102	Eleni Vasilia Maltas	1.0	1.0	1.0	11.9412939787	47	"{u""b'"": 2, u""d'"": 1, u""f'"": 3, u""j'"": 1, u""m'"": 1, u'end': 1, u'p': 1, u""o'"": 3, u""q'"": 2, u't': 1, u""a'"": 1, u""n'"": 2, u""k''"": 1, u'a': 1, u'c': 1, u'b': 1, u'e': 1, u'd': 1, u'g': 1, u'f': 1, u""a''"": 1, u'h': 1, u'k': 1, u'j': 1, u'm': 1, u'l': 2, u'o': 1, u'n': 3, u'q': 2, u'i': 1, u's': 1, u'r': 1, u""p'"": 3, u'silence': 1}"	34	11.9412939787	47	"{u""M'"": 1, u""O'"": 3, u""Q'"": 2, u'END': 1, u""A'"": 1, u'I': 1, u""K''"": 1, u'A': 1, u'C': 1, u'B': 1, u'E': 1, u'D': 1, u'G': 1, u'F': 1, u""A''"": 1, u'H': 1, u'K': 1, u'J': 1, u'M': 1, u'L': 2, u'O': 1, u'N': 3, u'Q': 2, u'P': 1, u'S': 1, u'R': 1, u""P'"": 3, u""N'"": 2, u'SILENCE': 1, u""B'"": 2, u""D'"": 1, u""F'"": 3, u""J'"": 1, u'T': 1}"	34
SALAMI_164	209.8155102	John Turner				5.88238857291	96	"{u'aa': 1, u""w'"": 1, u'jj': 1, u'cc': 1, u""d'"": 6, u""y'"": 3, u'rr': 1, u'gg': 1, u""gg'"": 1, u'pp': 2, u""kk'"": 3, u""j'"": 1, u""aa'"": 1, u'end': 1, u'bb': 1, u'nn': 1, u'p': 1, u'qq': 1, u'll': 2, u'oo': 2, u'ee': 1, u""cc'"": 2, u""rr'"": 2, u""e'"": 2, u't': 1, u'mm': 1, u""a'"": 2, u""nn'"": 1, u'dd': 1, u""m'"": 5, u'hh': 1, u""hh'"": 5, u'ff': 1, u""u'"": 1, u""i'"": 3, u'a': 1, u'ii': 1, u'c': 1, u'b': 1, u'e': 2, u'd': 1, u'g': 1, u'f': 1, u'i': 1, u'h': 1, u'k': 1, u'j': 1, u'm': 1, u'l': 1, u'o': 1, u'n': 1, u'q': 2, u'kk': 1, u's': 1, u'r': 1, u'u': 1, u""p'"": 7, u'w': 1, u'v': 1, u'y': 1, u'x': 1, u'silence': 1}"	62	56.4709296	10	"{u'A': 1, u'C': 1, u'B': 1, u'E': 1, u'D': 1, u'G': 1, u'F': 1, u""B'"": 1, u'END': 1, u'SILENCE': 1}"	10
SALAMI_164	209.8155102	Evan S. Johnson	0.751876498136	0.602405528791	1.0	11.5275227755	49	"{u""d'"": 1, u""n'"": 1, u""m'"": 1, u""n''"": 2, u'i': 2, u'p': 1, u""o'"": 1, u""i''"": 1, u""m''''"": 1, u""m'''"": 1, u""q'"": 1, u""d''''"": 1, u't': 1, u""m''"": 1, u""d''"": 1, u""a'"": 1, u""i'"": 1, u'a': 1, u""l'"": 1, u'c': 1, u'b': 1, u'e': 1, u'd': 1, u'g': 1, u'f': 1, u""a''"": 1, u'h': 1, u'k': 2, u'j': 2, u'm': 2, u'l': 2, u'o': 1, u'n': 2, u'q': 1, u""d'''"": 1, u's': 1, u'r': 1, u'u': 1, u""p'"": 1, u'v': 1, u'silence': 2}"	41	40.3463298571	14	"{u'A': 1, u'C': 1, u'B': 1, u'E': 1, u'D': 2, u'F': 1, u""D'"": 1, u""E'"": 1, u""E''"": 1, u'SILENCE': 2, u""D''"": 2}"	11
SALAMI_164	209.8155102	Shuli Tang	0.799204558337	0.665562618417	1.0	27.9823673	20	"{u'a': 1, u'c': 1, u'b': 1, u'e': 1, u'd': 1, u""a'"": 1, u'f': 1, u""a''"": 1, u""d'"": 1, u""e'"": 1, u""c'"": 1, u""g'"": 1, u""d'''"": 1, u""b'"": 1, u'g': 1, u'newpoint': 1, u""e''"": 1, u""d''''"": 1, u'silence': 1, u""d''"": 1}"	20	50.8770317273	11	{u'A': 2, u'C': 1, u'B': 1, u'E': 1, u'D': 2, u'G': 1, u'F': 1, u'NEWPOINT': 1, u'SILENCE': 1}	9
SALAMI_1240	213.1330612	Colin Hua	0.870836262916	0.77122230755	1.0	6.66040809375	32	"{u'a': 10, u'yyyyy': 1, u'c': 2, u'b': 7, u'd': 1, u""a'"": 1, u'zzzzz': 1, u""c'"": 1, u""b'"": 7, u'z': 1}"	10	8.88054416667	24	{u'A': 10, u'YYYYY': 1, u'C': 3, u'B': 7, u'D': 1, u'ZZZZZ': 1, u'Z': 1}	7
SALAMI_1240	213.1330612	Eleni Vasilia Maltas	0.701468287361	0.5555965258	0.951207682407	3.7391765263	57	"{u""b'"": 1, u'zzzzz': 1, u""d'"": 1, u""j'"": 1, u""h'"": 1, u'end': 1, u""a'"": 1, u""c'"": 1, u""i'"": 1, u'a': 1, u'c': 6, u'b': 8, u'e': 7, u'd': 6, u'g': 2, u'f': 7, u'i': 1, u'h': 1, u'k': 2, u'j': 1, u'm': 1, u'l': 1, u'o': 1, u'n': 1, u'z': 1, u'silence': 1}"	26	9.6878665	22	"{u'A': 4, u'C': 2, u'B': 7, u'END': 1, u""A'"": 5, u'ZZZZZ': 1, u""C'"": 1, u'SILENCE': 1}"	8
SALAMI_1240	213.1330612	John Turner	0.451896836524	0.39123761294	0.534817293899	3.94690857407	54	"{u'a': 12, u'c': 10, u'b': 10, u'e': 9, u'd': 10, u""a'"": 1, u'zzzzz': 1, u'z': 1}"	8	16.3948508462	13	"{u'A': 1, u'C': 1, u'B': 7, u'D': 1, u""A'"": 1, u'ZZZZZ': 1, u""C'"": 1}"	7
SALAMI_1240	213.1330612	Evan S. Johnson	0.751680159822	0.64942897813	0.892146723154	5.92028213883	36	"{u'a': 11, u'c': 7, u'b': 7, u""c'''"": 1, u'd': 1, u""a'"": 1, u""b''"": 1, u'zzzzz': 1, u""c'"": 1, u""c''"": 1, u""b'"": 1, u'e': 1, u'z': 1, u'silence': 1}"	14	14.2086772	15	"{u'A': 2, u'C': 1, u'B': 7, u""B''"": 1, u'ZZZZZ': 1, u""B'"": 1, u'Z': 1, u'SILENCE': 1}"	8
SALAMI_1240	213.1330612	Shuli Tang	0.903369453652	0.823768275158	1.0	21.3086622	10	"{u'a': 1, u'c': 1, u'b': 3, u""a'"": 1, u'zzzzz': 1, u""c'"": 1, u""c''"": 1, u'z': 1}"	8	23.6814513333	9	{u'A': 1, u'C': 3, u'B': 3, u'Z': 1, u'ZZZZZ': 1}	5
SALAMI_20	431.9608163	Colin Hua	0.936934268856	0.881351210378	1.0	25.4094598235	17	"{u'a': 1, u'yyyyy': 1, u""a'''"": 1, u'b': 2, u'e': 1, u'd': 1, u""a'"": 1, u""b''"": 2, u""a''"": 1, u'zzzzz': 1, u""c'"": 1, u'c': 1, u""c''"": 1, u""b'"": 2}"	14	53.995102125	8	{u'A': 1, u'YYYYY': 1, u'C': 1, u'B': 2, u'E': 1, u'D': 1, u'ZZZZZ': 1}	7
SALAMI_20	431.9608163	Eleni Vasilia Maltas	0.89489980802	0.840453306791	0.956889301181	18.7809051304	23	"{u'a': 1, u'c': 2, u'b': 1, u'e': 3, u'd': 3, u""a'"": 1, u'f': 3, u""d'"": 3, u'zzzzz': 1, u""c'"": 1, u""b'"": 1, u""f'"": 1, u'newpoint': 1, u'end': 1}"	14	47.9956463333	9	"{u'A': 1, u'B': 3, u'END': 1, u""A'"": 1, u'ZZZZZ': 1, u""A''"": 1, u'SILENCE': 1}"	7
SALAMI_20	431.9608163	John Turner	0.639668449801	0.619756292578	0.660902597126	30.8543439286	14	{u'a': 5, u'c': 3, u'b': 5, u'zzzzz': 1}	4	86.3921632	5	{u'A': 1, u'C': 1, u'B': 1, u'D': 1, u'ZZZZZ': 1}	5
SALAMI_20	431.9608163	Evan S. Johnson	0.873769386286	0.775835229168	1.0	17.27843256	25	"{u'a': 4, u'c': 4, u'b': 4, u'e': 1, u'd': 1, u""a'"": 4, u'f': 1, u""a''"": 4, u'zzzzz': 1, u'silence': 1}"	10	53.995102	8	{u'A': 4, u'C': 1, u'B': 1, u'SILENCE': 1, u'ZZZZZ': 1}	5
SALAMI_20	431.9608163	Shuli Tang	0.952614617231	0.909516814826	1.0	53.9863946248	8	"{u'a': 1, u'c': 1, u'b': 2, u'd': 1, u'zzzzz': 1, u""a''"": 1, u""b'"": 1}"	7	71.9934693332	6	{u'A': 1, u'C': 1, u'B': 2, u'D': 1, u'ZZZZZ': 1}	5
SALAMI_478	251.0628571	Colin Hua				37.1954648571	14	"{u'a': 1, u'c': 2, u'b': 4, u'e': 1, u'd': 1, u""b''"": 1, u""c'"": 1, u""b'"": 3}"	8	57.859612	9	{u'A': 1, u'C': 3, u'B': 3, u'E': 1, u'D': 1}	5
SALAMI_478	251.0628571	Eleni Vasilia Maltas				8.9683321379	58	"{u""b'"": 5, u""d'"": 2, u""j'"": 1, u""h'"": 1, u""k'"": 1, u""o'"": 2, u""u'"": 1, u""s'"": 1, u't': 1, u""e'"": 1, u""c'"": 2, u'x': 1, u'end': 1, u""i'"": 1, u'a': 1, u'c': 4, u'b': 3, u'e': 1, u'd': 2, u'g': 2, u'f': 2, u'i': 1, u'h': 1, u'k': 1, u'j': 1, u'm': 1, u'l': 1, u'o': 1, u'n': 1, u'q': 1, u'p': 1, u's': 1, u'r': 1, u'u': 1, u""p'"": 1, u'w': 1, u'v': 1, u'y': 1, u""t'"": 3, u""e''"": 1, u'silence': 1}"	41	57.7306122222	9	{u'A': 1, u'C': 2, u'B': 3, u'END': 1, u'D': 1, u'SILENCE': 1}	6
SALAMI_478	251.0628571	John Turner	0.361239212143	0.380640871039	0.343719474991	17.5001058333	30	"{u'a': 1, u'c': 6, u'b': 10, u'e': 4, u'd': 6, u'f': 1, u""c'"": 1, u'end': 1}"	8	87.500529	6	"{u'A': 1, u'C': 1, u'B': 1, u'END': 1, u'D': 1, u""A'"": 1}"	6
SALAMI_478	251.0628571	Evan S. Johnson	0.740201472107	0.594353580629	0.980904826796	16.937458871	31	"{u""b'"": 1, u""n'"": 1, u""o'"": 1, u""c'"": 1, u'a': 1, u'c': 1, u'b': 2, u'e': 1, u'd': 1, u'g': 1, u'f': 1, u'i': 1, u'h': 1, u'k': 1, u'j': 1, u'm': 1, u'l': 1, u'o': 1, u'n': 1, u'q': 1, u'p': 1, u's': 1, u'r': 1, u'u': 1, u't': 1, u'w': 1, u'v': 1, u'x': 1, u'silence': 2}"	29	47.7328386364	11	"{u'A': 1, u'C': 1, u'B': 1, u'E': 1, u'D': 1, u""D'"": 1, u""C'"": 1, u""C''"": 1, u""B'"": 1, u'SILENCE': 2}"	10
SALAMI_478	251.0628571	Shuli Tang				22.6142166957	23	"{u""b'"": 1, u""d'"": 1, u""g'''"": 1, u""f'"": 1, u""e'''"": 1, u""f'''"": 1, u""d''"": 1, u""e'"": 1, u""c'"": 1, u""c''"": 1, u""g'"": 1, u""g''"": 1, u""f''"": 1, u'a': 1, u'c': 1, u'b': 1, u'e': 1, u'd': 1, u'g': 1, u""b''"": 1, u'f': 1, u""e''"": 1, u'silence': 1}"	23	65.015873	8	{u'A': 1, u'C': 1, u'B': 1, u'E': 1, u'D': 1, u'G': 1, u'F': 1, u'SILENCE': 1}	8
Cerulean_Boston_Symphony_Orchestra_&_Charles_Munch-Sympho	364.9567347	Colin Hua	1.0	1.0	1.0	8.48682593021	43	"{u'a': 2, u""b''''"": 1, u'b': 6, u""c'''"": 2, u'd': 3, u""a'"": 1, u""b''"": 4, u""d'"": 2, u""e'"": 2, u""c''''"": 1, u""c'"": 2, u'c': 2, u""c''"": 2, u""b'''"": 2, u""b'''''"": 1, u""b'"": 4, u'zzzzz': 1, u'e': 2, u""e''"": 1, u'f': 1, u'silence': 1}"	21	8.48682593021	43	"{u'A': 2, u'ZZZZZ': 1, u""B'''''"": 1, u'B': 6, u""C'''"": 2, u'D': 3, u""A'"": 1, u""B''"": 4, u""D'"": 2, u""E'"": 2, u'F': 1, u""C'"": 2, u'C': 2, u""C''"": 2, u""B'''"": 2, u""B'"": 4, u""C''''"": 1, u'E': 2, u""E''"": 1, u""B''''"": 1, u'SILENCE': 1}"	21
Cerulean_Boston_Symphony_Orchestra_&_Charles_Munch-Sympho	364.9567347	Eleni Vasilia Maltas	0.652179161447	0.546641659566	0.808217952465	9.86369556749	37	"{u""b'"": 1, u'zzzzz': 1, u""d'"": 2, u""b'''"": 1, u""f'"": 1, u'end': 1, u""d''"": 1, u""a'"": 3, u""e'"": 2, u""g'"": 1, u'a': 3, u'c': 1, u'b': 1, u'e': 2, u'd': 3, u'g': 1, u""b''"": 4, u""a''"": 2, u'h': 2, u'f': 2, u'i': 1, u'silence': 1}"	22	28.073594923	13	"{u'A': 2, u'C': 1, u'B': 2, u'E': 1, u'D': 1, u""A'"": 2, u'ZZZZZ': 1, u""C'"": 1, u'END': 1, u'SILENCE': 1}"	10
Cerulean_Boston_Symphony_Orchestra_&_Charles_Munch-Sympho	364.9567347	John Turner	0.735079163972	0.60029163811	0.947922615229	18.24783675	20	"{u'a': 1, u'c': 1, u'b': 1, u'e': 1, u'd': 1, u""a'"": 3, u'f': 1, u'i': 1, u""d'"": 2, u'zzzzz': 1, u""c'"": 1, u'g': 1, u""b'"": 4, u'h': 1}"	14	45.619591875	8	"{u'A': 1, u'B': 1, u'ZZZZZ': 1, u""A'"": 3, u""B'"": 2}"	5
Cerulean_Boston_Symphony_Orchestra_&_Charles_Munch-Sympho	364.9567347	Evan S. Johnson	0.661783118973	0.511207712742	0.938098524379	9.1239183499	40	"{u""b'"": 2, u'j': 1, u""b'''"": 1, u""f'"": 1, u'p': 1, u'r': 1, u""b''''"": 1, u""a'"": 1, u""e'"": 1, u""c'"": 1, u""c''"": 1, u""g'"": 1, u'a': 2, u""l'"": 1, u'c': 1, u'b': 3, u'e': 1, u'd': 2, u'g': 1, u""b''"": 1, u""a''"": 1, u'h': 1, u'k': 1, u'f': 1, u'm': 1, u'l': 1, u'o': 1, u'n': 1, u'q': 1, u'i': 1, u's': 1, u""b'''''"": 1, u't': 1, u'silence': 2}"	34	40.5507482222	9	"{u'A': 2, u'C': 1, u'B': 1, u""A'"": 1, u""A''"": 1, u""B'"": 1, u'SILENCE': 2}"	7
Cerulean_Boston_Symphony_Orchestra_&_Charles_Munch-Sympho	364.9567347	Shuli Tang	0.760292831699	0.629485356516	0.959724146858	13.5169161111	27	"{u""b'"": 2, u'zzzzz': 1, u""d'"": 1, u""f'"": 1, u""a'"": 2, u""e'"": 1, u""c'"": 1, u'a': 1, u'c': 1, u'b': 1, u'e': 1, u'd': 1, u'g': 1, u'f': 1, u'i': 1, u'h': 1, u'k': 1, u'j': 1, u'm': 1, u'l': 1, u'o': 1, u'n': 1, u'q': 1, u'p': 1, u'silence': 1}"	25	40.5507483333	9	"{u'A': 1, u'C': 1, u'B': 1, u""A'"": 1, u'ZZZZZ': 1, u""A''"": 1, u""C'"": 1, u""B'"": 1, u'SILENCE': 1}"	9
SALAMI_830	266.6057143	Colin Hua				26.7092366666	12	"{u'a': 2, u'c': 2, u'b': 2, u'd': 1, u""a'"": 2, u""c'"": 1, u""b'"": 1, u'silence': 1}"	8	40.063854875	8	{u'A': 2, u'C': 2, u'B': 2, u'D': 1, u'SILENCE': 1}	5
SALAMI_830	266.6057143	Eleni Vasilia Maltas				7.63660085714	42	"{u""b'"": 2, u""d'"": 3, u""n'"": 1, u""m'"": 1, u'end': 1, u""o'"": 1, u""a'"": 2, u""e'"": 4, u""c'"": 1, u""g'"": 1, u""g''"": 1, u'a': 1, u'c': 1, u'b': 2, u'e': 1, u'd': 1, u'g': 1, u'f': 3, u'i': 1, u'h': 1, u'k': 1, u'j': 1, u'm': 1, u'l': 2, u'o': 1, u'n': 1, u'q': 1, u'p': 1, u's': 1, u'r': 1, u""e''"": 1}"	31	32.1085534	10	"{u'A': 2, u'C': 1, u'B': 2, u'END': 1, u'D': 1, u""A'"": 1, u""C'"": 1, u'SILENCE': 1}"	8
SALAMI_830	266.6057143	John Turner	0.773052750124	0.656769440411	0.939371786379	18.8928479412	17	"{u'a': 1, u'c': 1, u'b': 1, u'e': 1, u'd': 1, u""a'"": 1, u'f': 1, u'i': 1, u'h': 1, u""e'"": 1, u'j': 1, u""c'"": 2, u""g'"": 1, u'g': 1, u'end': 1, u'k': 1}"	16	45.8826305714	7	"{u'A': 1, u'C': 1, u'B': 1, u'END': 1, u'D': 1, u""A'"": 1, u""B'"": 1}"	7
SALAMI_830	266.6057143	Evan S. Johnson	0.47652413081	0.312787449048	1.0	16.909015421	19	"{u'a': 1, u'c': 1, u'b': 2, u'e': 1, u'd': 1, u""a'"": 1, u'f': 1, u'i': 1, u'h': 1, u'k': 1, u'j': 1, u""c'"": 1, u'l': 1, u'n': 1, u'g': 1, u'm': 1, u'silence': 2}"	17	40.1589114999	8	{u'A': 3, u'B': 3, u'SILENCE': 2}	3
SALAMI_830	266.6057143	Shuli Tang				24.482762923	13	"{u'a': 1, u'c': 1, u'b': 1, u'e': 1, u'd': 1, u""a'"": 1, u""b''"": 1, u""a''"": 1, u""d'"": 1, u""c'"": 1, u""c''"": 1, u""b'"": 1, u'silence': 1}"	13	35.3639909999	9	{u'A': 2, u'C': 2, u'B': 2, u'E': 1, u'D': 1, u'SILENCE': 1}	6
SALAMI_812	52.79346939	Colin Hua				14.9046308332	18	"{u'a': 4, u'c': 1, u'b': 4, u""c'''"": 1, u""a'"": 2, u""b''"": 1, u""a''"": 1, u""c'"": 1, u""c''"": 1, u""b'"": 2}"	10	29.8092617778	9	{u'A': 4, u'C': 1, u'B': 4}	3
SALAMI_812	52.79346939	Eleni Vasilia Maltas				2.44379467272	110	"{u""d'"": 1, u""f'"": 1, u""h'"": 4, u""m'"": 2, u'end': 1, u""o'"": 3, u""q'"": 1, u""d''"": 1, u""e'"": 3, u""c'"": 1, u""k'"": 3, u'a': 1, u'c': 1, u'b': 3, u'e': 4, u'd': 10, u'g': 12, u'f': 11, u'i': 1, u'h': 8, u'k': 3, u'j': 1, u'm': 3, u'l': 4, u'o': 11, u'n': 4, u'q': 7, u'p': 4, u'silence': 1}"	29	26.8930613	10	"{u'A': 3, u'B': 3, u'END': 1, u""A'"": 1, u""C'"": 1, u'SILENCE': 1}"	6
SALAMI_812	52.79346939	John Turner				7.06619889474	38	"{u'a': 5, u'c': 8, u'b': 4, u'e': 4, u'd': 2, u""d'"": 15}"	6	88.1429475	2	{u'A': 1, u'B': 1}	2
SALAMI_812	52.79346939	Evan S. Johnson	0.717253312272	0.63203442643	0.829034202904	12.2094743182	22	{u'a': 1, u'c': 4, u'b': 7, u'e': 2, u'd': 1, u'g': 1, u'f': 5, u'silence': 1}	8	33.5760545	8	"{u'A': 1, u'C': 1, u'B': 3, u'D': 1, u""B'"": 1, u'SILENCE': 1}"	6
SALAMI_812	52.79346939	Shuli Tang				22.35888125	12	"{u'a': 4, u'c': 1, u'b': 4, u""c'''"": 1, u""c'"": 1, u""c''"": 1}"	6	29.8118416667	9	{u'A': 4, u'C': 1, u'B': 4}	3
SALAMI_1198	321.2277551	Colin Hua				42.2942543846	13	"{u'a': 2, u'c': 2, u'b': 4, u'e': 1, u'd': 1, u""c'"": 1, u'z': 1, u'silence': 1}"	8	45.8187755833	12	{u'A': 2, u'C': 2, u'B': 4, u'E': 1, u'D': 1, u'Z': 1, u'SILENCE': 1}	7
SALAMI_1198	321.2277551	Eleni Vasilia Maltas				22.18713112	25	"{u'a': 2, u'c': 2, u'b': 1, u'e': 1, u'd': 1, u""b''"": 2, u""e'"": 1, u'f': 1, u""c'"": 2, u""b'"": 3, u'z': 4, u""f'"": 1, u'end': 1, u""f''"": 1, u""e''"": 1, u'silence': 1}"	16	69.4276645	8	{u'A': 2, u'C': 1, u'B': 3, u'END': 1, u'SILENCE': 1}	5
SALAMI_1198	321.2277551	John Turner				7.24065397368	76	"{u'a': 2, u'c': 2, u'b': 2, u""a'"": 21, u""c'"": 21, u""b'"": 25, u'z': 1, u'silence': 2}"	8	86.4053211667	6	{u'A': 1, u'C': 1, u'B': 2, u'D': 1, u'SILENCE': 1}	5
SALAMI_1198	321.2277551	Evan S. Johnson	0.691267077563	0.571495042534	0.874552992279	26.2053773809	21	"{u'a': 3, u'c': 3, u'b': 4, u'e': 1, u'd': 1, u""b''"": 1, u""e'"": 1, u""b'"": 1, u'z': 1, u'silence': 5}"	10	61.1458806664	9	{u'A': 2, u'C': 1, u'B': 2, u'D': 1, u'Z': 1, u'SILENCE': 2}	6
SALAMI_1198	321.2277551	Shuli Tang				68.76009075	8	"{u'a': 1, u'c': 1, u'b': 1, u""a'"": 2, u""a''"": 1, u'z': 1, u'silence': 1}"	7	91.6801208333	6	{u'A': 2, u'C': 1, u'B': 1, u'Z': 1, u'SILENCE': 1}	5
SALAMI_1324	203.2587755	Colin Hua				16.9706205	22	"{u'a': 4, u""a'''"": 2, u'b': 3, u""a'"": 3, u""b''"": 3, u""a''"": 2, u""b'''"": 1, u""b''''"": 1, u""b'"": 3}"	9	53.3362358571	7	{u'A': 4, u'B': 3}	2
SALAMI_1324	203.2587755	Eleni Vasilia Maltas				6.01230969841	63	"{u'a': 1, u'c': 3, u'b': 3, u'e': 10, u'd': 1, u'g': 4, u""b''"": 3, u""d'"": 3, u""e'"": 4, u'f': 9, u""c'"": 5, u""c''"": 4, u""b'"": 6, u""f'"": 2, u'end': 1, u'h': 4}"	16	22.3785728824	17	{u'A': 4, u'C': 4, u'B': 7, u'END': 1, u'SILENCE': 1}	5
SALAMI_1324	203.2587755	John Turner				10.6712278	35	"{u'a': 1, u'c': 8, u'b': 17, u""b'"": 9}"	4	43.5473664286	7	{u'A': 1, u'C': 1, u'B': 4, u'D': 1}	4
SALAMI_1324	203.2587755	Evan S. Johnson	0.724712508602	0.568273831187	1.0	11.3172651212	33	"{u'a': 1, u'c': 5, u'b': 8, u'e': 1, u'd': 1, u'g': 1, u'f': 1, u'i': 1, u'h': 1, u""e'"": 1, u'j': 1, u'm': 1, u'l': 1, u""g'"": 1, u""b'"": 6, u'k': 1, u'silence': 1}"	17	28.7284423846	13	{u'A': 1, u'C': 1, u'B': 8, u'E': 1, u'D': 1, u'SILENCE': 1}	6
SALAMI_1324	203.2587755	Shuli Tang				46.660499	8	"{u'a': 1, u'c': 3, u'b': 3, u""b'"": 1}"	4	53.3262845714	7	{u'A': 1, u'C': 3, u'B': 3}	3
Isophonics_09_-_You_Never_Give_Me_Your_Money	242.5730612	Colin Hua	0.892879788018	0.806488562266	1.0	20.2144218333	12	"{u'a': 1, u'yyyyy': 1, u'c': 1, u'b': 1, u'e': 2, u'd': 1, u'f': 1, u""d'"": 1, u""e'"": 1, u""b'"": 1, u""f'"": 1}"	11	30.321632625	8	{u'A': 1, u'YYYYY': 1, u'C': 1, u'B': 1, u'E': 2, u'D': 1, u'F': 1}	7
Isophonics_09_-_You_Never_Give_Me_Your_Money	242.5730612	Eleni Vasilia Maltas	0.785051976515	0.656235999791	0.976791449252	10.1072108333	24	"{u'a': 1, u'c': 2, u'b': 1, u'e': 1, u'd': 2, u'g': 2, u'f': 1, u'i': 1, u""d'"": 3, u'k': 1, u""f'''"": 1, u'h': 1, u'j': 1, u""b'"": 1, u'z': 1, u""k''"": 1, u""f'"": 1, u""k'"": 1, u""f''"": 1}"	19	34.6532945714	7	{u'A': 1, u'C': 1, u'B': 1, u'E': 1, u'D': 1, u'F': 1, u'ZZZZZ': 1}	7
Isophonics_09_-_You_Never_Give_Me_Your_Money	242.5730612	John Turner	0.901242595729	0.82023801817	1.0	17.3266472141	14	"{u'a': 1, u'c': 1, u'b': 2, u'e': 1, u'd': 1, u""a'"": 2, u'f': 1, u""d'"": 1, u'g': 1, u'h': 2, u'z': 1}"	11	34.6532945711	7	{u'A': 1, u'C': 1, u'B': 1, u'E': 1, u'D': 1, u'F': 1, u'ZZZZZ': 1}	7
Isophonics_09_-_You_Never_Give_Me_Your_Money	242.5730612	Evan S. Johnson	0.895936652436	0.811490259515	1.0	10.1072108333	24	"{u'a': 2, u'c': 2, u'b': 2, u'e': 1, u'd': 1, u""a'"": 1, u'f': 1, u""c'"": 3, u'g': 9, u""f'"": 1, u'silence': 1}"	11	34.6532944286	7	{u'A': 1, u'C': 1, u'B': 1, u'E': 1, u'G': 1, u'F': 1, u'SILENCE': 1}	7
Isophonics_09_-_You_Never_Give_Me_Your_Money	242.5730612	Shuli Tang	0.842366085805	0.727661893346	1.0	22.0520963636	11	"{u'a': 1, u'yyyyy': 1, u'c': 1, u'b': 1, u'e': 1, u'd': 1, u""a'"": 1, u'zzzzz': 1, u""d'"": 1, u""e'"": 1, u""e''"": 1}"	11	34.6532944286	7	{u'A': 1, u'YYYYY': 1, u'C': 1, u'B': 1, u'E': 1, u'D': 1, u'ZZZZZ': 1}	7
Isophonics_CD1_-_14_-_Don't_Pass_Me_By	230.6089796	Colin Hua	0.641956351144	0.472706714313	1.0	19.2174149167	12	"{u'a': 1, u'yyyyy': 1, u'c': 1, u""b''''"": 1, u""b''"": 1, u""b'''''''"": 1, u'zzzzz': 1, u""b'''"": 1, u""b'''''"": 1, u'b': 1, u""b'"": 1, u""b''''''"": 1}"	12	46.121796	5	{u'A': 1, u'YYYYY': 1, u'C': 1, u'B': 1, u'ZZZZZ': 1}	5
Isophonics_CD1_-_14_-_Don't_Pass_Me_By	230.6089796	Eleni Vasilia Maltas	0.516624264281	0.360442744005	0.911643747344	6.40580502778	36	"{u'a': 1, u""g'''"": 1, u'c': 1, u'b': 1, u'e': 4, u'd': 3, u'g': 4, u'f': 2, u'i': 3, u""d'"": 3, u'j': 3, u""g'"": 1, u""g''"": 1, u'silence': 1, u'h': 3, u'end': 1, u""i'"": 3}"	17	23.060898	10	{u'A': 1, u'C': 3, u'B': 4, u'END': 1, u'SILENCE': 1}	5
Isophonics_CD1_-_14_-_Don't_Pass_Me_By	230.6089796	John Turner	0.589539257871	0.438152292188	0.90076432991	7.43899925803	31	{u'a': 5, u'c': 3, u'b': 3, u'e': 3, u'd': 5, u'g': 3, u'f': 3, u'h': 3, u'zzzzz': 1, u'z': 2}	10	23.0608979	10	"{u'A': 3, u'Z': 2, u'B': 3, u""A'"": 1, u'ZZZZZ': 1}"	5
Isophonics_CD1_-_14_-_Don't_Pass_Me_By	230.6089796	Evan S. Johnson	0.60397734889	0.486656654815	0.795832595358	5.76522449997	40	"{u'a': 1, u'c': 3, u'b': 6, u'e': 3, u'd': 3, u'g': 3, u'f': 3, u'i': 3, u'h': 3, u'k': 1, u'j': 3, u""c'"": 3, u'l': 1, u'newpoint': 1, u""j'"": 3}"	15	20.9644527272	11	"{u'A': 1, u'C': 3, u'B': 2, u'E': 1, u'D': 1, u""B'"": 2, u'NEWPOINT': 1}"	7
Isophonics_CD1_-_14_-_Don't_Pass_Me_By	230.6089796	Shuli Tang	0.86897440654	0.768306580827	1.0	25.62322	9	"{u'a': 1, u'yyyyy': 1, u'c': 2, u'b': 2, u""a'"": 1, u'zzzzz': 1, u""c'"": 1}"	7	32.9441398571	7	{u'A': 1, u'YYYYY': 1, u'C': 2, u'B': 2, u'ZZZZZ': 1}	5
SALAMI_1072	468.1404082	Colin Hua	0.940353347076	0.887421617839	1.0	33.4352833571	14	"{u'a': 2, u'c': 4, u'b': 3, u""a'"": 1, u'zzzzz': 1, u""b'"": 1, u'z': 2}"	7	33.4352833571	14	{u'A': 3, u'C': 4, u'B': 4, u'Z': 2, u'ZZZZZ': 1}	5
SALAMI_1072	468.1404082	Eleni Vasilia Maltas	0.635614497991	0.531927747715	0.789511023823	3.32014475176	141	"{u'zzzzz': 1, u""d'"": 6, u""f'"": 7, u""j'"": 2, u""h'"": 7, u'end': 1, u""i''"": 7, u""h''"": 7, u""d''"": 8, u""e'"": 6, u""g'"": 7, u""g''"": 8, u""f''"": 9, u""i'"": 4, u'a': 6, u'c': 6, u'b': 6, u'e': 3, u'd': 3, u'g': 7, u'f': 6, u'i': 4, u'h': 4, u'k': 1, u'j': 3, u""i'''"": 1, u'z': 2, u""e''"": 8, u'silence': 1}"	29	31.2093605333	15	"{u'A': 3, u'C': 1, u'B': 3, u'END': 1, u'D': 1, u'ZZZZZ': 1, u""C'"": 2, u""B'"": 1, u'Z': 1, u'SILENCE': 1}"	10
SALAMI_1072	468.1404082	John Turner	0.796875904931	0.868779676908	0.73596446503	9.75292514579	48	"{u'a': 26, u'c': 2, u'b': 12, u'zzzzz': 1, u""c'"": 1, u""b'"": 4, u'z': 2}"	7	42.5582190909	11	"{u'A': 3, u'C': 1, u'B': 4, u""A'"": 1, u'ZZZZZ': 1, u'Z': 1}"	6
SALAMI_1072	468.1404082	Evan S. Johnson	0.855270768177	0.747138051865	1.0	10.1769653695	46	"{u'a': 5, u'c': 6, u'b': 5, u'e': 2, u'd': 9, u""b''"": 6, u""d'"": 1, u'zzzzz': 1, u""c'"": 2, u""b'''"": 1, u""b'"": 5, u'z': 2, u'silence': 1}"	13	27.5376710588	17	{u'A': 3, u'C': 2, u'B': 4, u'D': 4, u'ZZZZZ': 1, u'Z': 2, u'SILENCE': 1}	7
SALAMI_1072	468.1404082	Shuli Tang	1.0	1.0	1.0	52.0052808889	9	{u'a': 3, u'b': 3, u'z': 2, u'zzzzz': 1}	4	52.0052808889	9	{u'A': 3, u'Z': 2, u'B': 3, u'ZZZZZ': 1}	4
Cerulean_Bob_Dylan-Hurricane	495.4906122	Colin Hua	0.841328492371	0.726114767499	1.0	7.86493030156	63	"{u'a': 12, u""a'''"": 1, u'b': 11, u'd': 1, u""a'"": 2, u'zzzzz': 1, u""a''"": 1, u""c'"": 11, u'c': 11, u""c''"": 10, u'z': 2}"	11	13.0392265526	38	{u'A': 12, u'C': 11, u'B': 11, u'D': 1, u'ZZZZZ': 1, u'Z': 2}	6
Cerulean_Bob_Dylan-Hurricane	495.4906122	Eleni Vasilia Maltas	0.668270665548	0.523123787438	0.924893222225	7.74204078125	64	"{u""b'"": 5, u'zzzzz': 1, u""d'"": 5, u""b'''"": 2, u""f'"": 5, u'end': 1, u'silent': 1, u""d''"": 3, u""e'"": 5, u""c'"": 6, u""c''"": 4, u""f''"": 3, u'a': 1, u'c': 1, u'b': 1, u'e': 3, u'd': 3, u'g': 1, u""b''"": 4, u'h': 1, u'f': 3, u'z': 2, u""e''"": 3}"	23	13.7636279999	36	"{u'A': 1, u'C': 10, u'B': 11, u'END': 1, u'SILENT': 1, u""A'"": 10, u'ZZZZZ': 1, u""A''"": 1}"	8
Cerulean_Bob_Dylan-Hurricane	495.4906122	John Turner	0.746440373913	0.624233517827	0.928144132505	10.1115794286	49	"{u'a': 12, u'c': 9, u'b': 11, u'e': 1, u'd': 9, u'zzzzz': 1, u""d'"": 2, u""c'"": 2, u'z': 2}"	9	18.3506441851	27	{u'A': 12, u'C': 2, u'B': 10, u'Z': 2, u'ZZZZZ': 1}	5
Cerulean_Bob_Dylan-Hurricane	495.4906122	Evan S. Johnson	0.779865976648	0.683686559841	0.907536007066	5.05600583671	98	"{u'a': 1, u'c': 44, u'b': 13, u'e': 9, u'd': 21, u'g': 1, u'f': 3, u'h': 1, u""e'"": 1, u'z': 2, u'silence': 2}"	11	17.6960204643	28	{u'A': 1, u'C': 10, u'B': 11, u'E': 1, u'D': 1, u'Z': 2, u'SILENCE': 2}	7
Cerulean_Bob_Dylan-Hurricane	495.4906122	Shuli Tang	0.859271827899	0.7771143411	0.960854556986	9.71550213725	51	"{u'a': 1, u'c': 11, u'b': 1, u'e': 10, u'd': 11, u""a'"": 1, u'f': 1, u'zzzzz': 1, u'g': 1, u""b'"": 11, u'z': 1, u'silence': 1}"	12	17.0858831379	29	"{u'A': 1, u'C': 11, u'B': 1, u'D': 1, u""B''"": 1, u'ZZZZZ': 1, u""C'"": 1, u""B'"": 10, u'Z': 1, u'SILENCE': 1}"	10
SALAMI_1482	419.5004082	Colin Hua				38.2920271333	15	"{u'a': 1, u""a''''''''"": 1, u""a'''"": 1, u'b': 1, u""a'"": 1, u""b''"": 1, u""a''"": 1, u""a'''''''"": 1, u""b'''"": 1, u""a''''"": 1, u""a''''''"": 1, u""b''''"": 1, u""b'"": 1, u'z': 1, u""a'''''"": 1}"	15	191.460136	3	{u'A': 1, u'Z': 1, u'B': 1}	3
SALAMI_1482	419.5004082	Eleni Vasilia Maltas	1.0	1.0	1.0	81.6280921429	7	{u'a': 1, u'c': 2, u'b': 2, u'end': 1, u'silence': 1}	5	95.2327741667	6	{u'A': 1, u'C': 1, u'B': 2, u'END': 1, u'SILENCE': 1}	5
SALAMI_1482	419.5004082	John Turner				7.56084498684	76	"{u'a': 1, u'c': 24, u'b': 1, u'e': 5, u'd': 17, u'f': 24, u""c'"": 2, u'z': 1, u'silence': 1}"	9	57.2511202	10	{u'A': 1, u'C': 2, u'B': 3, u'E': 1, u'D': 1, u'F': 1, u'Z': 1}	7
SALAMI_1482	419.5004082	Evan S. Johnson	0.705154799946	0.572812939474	0.917022281363	18.537014129	31	"{u""b'"": 1, u""d'"": 1, u""i''"": 1, u""c'"": 1, u""i'"": 1, u'a': 1, u'c': 2, u'b': 6, u'e': 1, u'd': 1, u'g': 1, u'f': 1, u'i': 1, u'h': 1, u'k': 1, u'j': 1, u'm': 1, u'l': 1, u'o': 1, u'n': 1, u'q': 1, u'p': 1, u""i'''"": 1, u'z': 1, u'silence': 1}"	25	71.8309295	8	"{u'A': 1, u'C': 1, u'B': 1, u'E': 1, u'D': 1, u""B'"": 1, u'Z': 1, u'SILENCE': 1}"	8
SALAMI_1482	419.5004082	Shuli Tang				95.739743	6	"{u'a': 1, u'b': 1, u""b''"": 1, u""b'''"": 1, u""b'"": 1, u'z': 1}"	6	191.479486	3	{u'A': 1, u'Z': 1, u'B': 1}	3
SALAMI_838	209.5281633	Colin Hua	0.783439995727	0.643979740395	1.0	17.46068025	12	"{u'a': 1, u'yyyyy': 1, u'c': 1, u'b': 1, u""c'''"": 1, u'd': 1, u""b''"": 1, u""e'"": 1, u""c'"": 1, u""c''"": 1, u""b'"": 1, u'e': 1}"	12	34.9213605	6	{u'A': 1, u'YYYYY': 1, u'C': 1, u'B': 1, u'E': 1, u'D': 1}	6
SALAMI_838	209.5281633	Eleni Vasilia Maltas	0.819221714203	0.781956841305	0.8602161043	9.52400736359	22	"{u'a': 1, u'c': 1, u'b': 1, u'e': 1, u'd': 1, u'g': 1, u'f': 1, u""d'"": 4, u'zzzzz': 1, u""c'"": 4, u""b'"": 2, u'h': 1, u'end': 1, u'silence': 1, u""d''"": 1}"	15	17.4606801665	12	"{u'A': 1, u'C': 1, u'B': 1, u'END': 1, u'D': 1, u'ZZZZZ': 1, u""D'"": 1, u""C'"": 1, u""C''"": 1, u""B'"": 2, u'SILENCE': 1}"	11
SALAMI_838	209.5281633	John Turner	0.705487328894	0.544982945815	1.0	4.10839537253	51	"{u'aa': 1, u'cc': 1, u""d'"": 1, u""y'"": 2, u'gg': 1, u""gg'"": 1, u""f'"": 1, u""j'"": 1, u'end': 1, u'bb': 1, u'ee': 1, u""q'"": 2, u""ee'"": 1, u""s'"": 1, u""a'"": 2, u""v'"": 2, u'dd': 1, u'hh': 1, u'ff': 1, u""k'"": 1, u'a': 1, u'c': 1, u'b': 1, u'e': 1, u'd': 1, u'g': 1, u'f': 1, u'i': 1, u'h': 1, u'k': 1, u'j': 1, u'm': 1, u'l': 1, u'o': 1, u'n': 1, u'q': 1, u'p': 1, u's': 1, u'r': 1, u'u': 1, u't': 1, u'w': 2, u'v': 1, u'y': 1, u'x': 1, u'z': 1}"	46	23.2809068889	9	{u'A': 1, u'C': 1, u'B': 1, u'END': 1, u'D': 1, u'G': 1, u'F': 1, u'H': 1, u'E': 1}	9
SALAMI_838	209.5281633	Evan S. Johnson	0.139692640026	0.0750911612948	1.0	17.4606802499	12	{u'a': 1, u'c': 1, u'b': 1, u'e': 1, u'd': 1, u'g': 1, u'f': 1, u'i': 1, u'h': 1, u'k': 1, u'j': 1, u'silence': 1}	12	104.7640815	2	{u'A': 1, u'SILENCE': 1}	2
SALAMI_838	209.5281633	Shuli Tang	0.840507921135	0.724893198027	1.0	20.9504944	10	"{u'a': 1, u'c': 1, u'b': 1, u'd': 1, u""a'"": 1, u'zzzzz': 1, u""d'"": 1, u""c'"": 1, u""b'"": 1, u'silence': 1}"	10	34.9174905	6	{u'A': 1, u'C': 1, u'B': 1, u'D': 1, u'ZZZZZ': 1, u'SILENCE': 1}	6
Cerulean_Eddie_Palmieri-Adoracion	341.8644898	Colin Hua	0.665932573402	0.499174599518	1.0	21.3665306874	16	"{u'a': 3, u'c': 1, u'b': 2, u""c'''"": 1, u""a'"": 2, u'zzzzz': 1, u""c'"": 1, u""c''''"": 1, u""c''"": 1, u""c'''''"": 1, u""c''''''"": 1, u'silence': 1}"	12	42.7330612499	8	{u'A': 3, u'C': 1, u'B': 2, u'SILENCE': 1, u'ZZZZZ': 1}	5
Cerulean_Eddie_Palmieri-Adoracion	341.8644898	Eleni Vasilia Maltas	0.791014442952	0.71362550088	0.887229867947	11.7884306896	29	"{u'a': 1, u'c': 3, u'b': 4, u'e': 1, u'd': 1, u'g': 1, u'f': 2, u""e'"": 7, u'zzzzz': 1, u""c'"": 2, u""g'"": 3, u""f'"": 2, u'silence': 1}"	13	37.9849434444	9	{u'A': 1, u'C': 3, u'B': 2, u'E': 1, u'D': 1, u'ZZZZZ': 1}	6
Cerulean_Eddie_Palmieri-Adoracion	341.8644898	John Turner	0.82168766405	0.737898177537	0.926943546428	10.0541549999	34	"{u'a': 1, u'c': 8, u'b': 4, u'e': 4, u'd': 3, u""a'"": 2, u'f': 1, u'zzzzz': 1, u""f'"": 9, u'newpoint': 1}"	10	37.9823634443	9	"{u'A': 2, u'C': 1, u'B': 2, u'E': 1, u'D': 1, u""A'"": 1, u'ZZZZZ': 1}"	7
Cerulean_Eddie_Palmieri-Adoracion	341.8644898	Evan S. Johnson	0.846027642159	0.746838788691	0.97559842919	17.9928678947	19	"{u'a': 5, u'c': 1, u'b': 4, u'd': 1, u""a'"": 1, u""a''"": 1, u""d'"": 1, u""c'"": 1, u""c''"": 1, u'silence': 2, u""d''"": 1}"	11	34.1864491	10	"{u'A': 1, u'C': 1, u'B': 2, u'D': 1, u""A'"": 2, u""C'"": 1, u'SILENCE': 2}"	7
Cerulean_Eddie_Palmieri-Adoracion	341.8644898	Shuli Tang	0.729235710466	0.577718068752	0.988484805713	11.3954830666	30	"{u'a': 2, u'c': 4, u'b': 4, u'e': 2, u'd': 2, u""a'"": 2, u'f': 1, u""a''"": 2, u""d'"": 1, u""e'"": 1, u""f'''"": 1, u""e''''"": 1, u'zzzzz': 1, u'silence': 1, u""f'"": 1, u""f''"": 1, u""e''"": 1, u""e'''"": 1, u""d''"": 1}"	19	42.73306125	8	"{u'A': 1, u'C': 1, u'B': 2, u""A'"": 2, u'ZZZZZ': 1, u'SILENCE': 1}"	6
Isophonics_01 The Show Must Go On	263.7061224	Colin Hua	0.96694604847	0.93600730827	1.0	18.8361516429	14	"{u'a': 1, u'yyyyy': 1, u'c': 3, u'b': 2, u'e': 1, u'd': 2, u'f': 1, u""d'"": 1, u""e'"": 1, u'zzzzz': 1}"	10	21.97551025	12	{u'A': 1, u'YYYYY': 1, u'C': 3, u'B': 2, u'E': 1, u'D': 2, u'F': 1, u'ZZZZZ': 1}	8
Isophonics_01 The Show Must Go On	263.7061224	Eleni Vasilia Maltas	0.785863978517	0.688402665872	0.915473007378	13.8780475263	19	"{u'a': 1, u'c': 3, u'b': 2, u'e': 1, u'd': 4, u'g': 1, u'f': 2, u'i': 1, u'h': 1, u""b'"": 2, u'silence': 1}"	11	26.3706122	10	{u'A': 1, u'C': 3, u'B': 2, u'E': 1, u'D': 2, u'F': 1}	6
Isophonics_01 The Show Must Go On	263.7061224	John Turner	0.963328626243	0.929251690198	1.0	21.97551025	12	"{u'a': 3, u'c': 1, u'b': 1, u'e': 1, u'd': 1, u""a'"": 2, u""c'"": 1, u""b'"": 2}"	8	32.96326525	8	"{u'A': 1, u'C': 1, u'B': 1, u'D': 1, u""A'"": 1, u'ZZZZZ': 1, u""B'"": 2}"	7
Isophonics_01 The Show Must Go On	263.7061224	Evan S. Johnson	0.792245748458	0.671613278334	0.96570108512	8.24081643744	32	"{u'a': 3, u'c': 4, u'b': 3, u'e': 3, u'd': 3, u""a'"": 2, u'f': 1, u'i': 1, u""d'"": 1, u""e'"": 1, u'j': 1, u""c'"": 3, u'g': 1, u""b'"": 2, u'zzzzz': 1, u'h': 1, u'silence': 1}"	17	17.5804080667	15	"{u'A': 5, u'C': 1, u'B': 3, u'E': 1, u'D': 1, u""A'"": 1, u'ZZZZZ': 1, u""B'"": 1, u'SILENCE': 1}"	9
Isophonics_01 The Show Must Go On	263.7061224	Shuli Tang	0.824074940557	0.700788654804	1.0	18.8328344999	14	"{u'a': 1, u'c': 1, u'b': 1, u'e': 1, u'd': 1, u""b''"": 1, u""d'"": 1, u'f': 1, u""c'"": 1, u""c''"": 1, u""b'''"": 1, u""b'"": 1, u'zzzzz': 1, u'silence': 1}"	14	21.9716401666	12	{u'A': 1, u'C': 3, u'B': 2, u'E': 1, u'D': 2, u'F': 1, u'ZZZZZ': 1, u'SILENCE': 1}	8
SALAMI_68	297.8742857	Colin Hua				19.4218335	28	"{u""b'"": 1, u""c'''"": 1, u""b'''"": 1, u""f'"": 1, u""h'"": 1, u""i''"": 1, u""h''"": 1, u""a'"": 1, u""e'"": 1, u""c'"": 1, u""c''"": 1, u""i''''"": 1, u""f''"": 1, u""i'"": 1, u'a': 1, u'c': 1, u'b': 1, u'e': 1, u'd': 1, u'g': 1, u""b''"": 1, u'i': 1, u'h': 1, u'f': 1, u""a''"": 1, u""i'''"": 1, u'silence': 2}"	27	49.4373943636	11	{u'A': 1, u'C': 1, u'B': 1, u'E': 1, u'D': 1, u'G': 1, u'F': 1, u'I': 1, u'H': 1, u'SILENCE': 2}	10
SALAMI_68	297.8742857	Eleni Vasilia Maltas				10.2653831698	53	"{u""d'"": 1, u""t''"": 1, u""f'"": 1, u""n'"": 3, u""m'"": 2, u""n''"": 2, u""k'"": 1, u'p': 1, u""r'"": 1, u""q'"": 1, u""r''"": 1, u""m''"": 1, u""a'"": 1, u""l'''"": 1, u""e'"": 3, u""l''"": 2, u""g'"": 1, u'end': 1, u""f''"": 1, u""i'"": 1, u'a': 1, u""l'"": 1, u'c': 1, u'b': 1, u'e': 1, u'd': 1, u'g': 1, u'f': 1, u""a''"": 1, u'h': 1, u'k': 1, u'j': 1, u'm': 1, u'l': 1, u'o': 1, u'n': 1, u'q': 1, u'i': 1, u's': 1, u'r': 1, u'u': 1, u't': 1, u'v': 1, u""e''"": 2, u'silence': 1}"	45	54.5390296	10	{u'A': 1, u'C': 3, u'B': 1, u'END': 1, u'D': 2, u'E': 1, u'SILENCE': 1}	7
SALAMI_68	297.8742857	John Turner	0.774867880064	0.687299208329	0.888008944069	17.0006349062	32	"{u""b'"": 1, u""k'"": 1, u""a'"": 1, u""e'"": 5, u'a': 1, u""l'"": 1, u'c': 1, u'b': 1, u'e': 2, u'd': 1, u'g': 1, u'f': 1, u'i': 1, u'h': 1, u'k': 1, u'j': 1, u'm': 1, u'l': 1, u'o': 1, u'n': 1, u'q': 1, u'p': 1, u's': 1, u'r': 1, u't': 1, u'silence': 2}"	26	45.3350264999	12	{u'A': 1, u'C': 1, u'B': 1, u'E': 1, u'D': 1, u'G': 1, u'F': 1, u'I': 1, u'H': 1, u'J': 1, u'SILENCE': 2}	11
SALAMI_68	297.8742857	Evan S. Johnson				20.9515437692	26	"{u""d'"": 1, u""d''''"": 1, u""d''"": 1, u""a'"": 1, u""g'"": 1, u'a': 1, u'c': 1, u'b': 1, u'e': 2, u'd': 2, u'g': 1, u'f': 2, u'i': 1, u'h': 1, u'k': 1, u'j': 1, u'm': 1, u'l': 1, u'o': 1, u'n': 1, u""d'''"": 1, u'silence': 2}"	22	32.0537814706	17	"{u'A': 1, u'C': 2, u'B': 1, u""C'''"": 1, u'D': 2, u'G': 1, u'F': 1, u'I': 1, u'H': 1, u""C'"": 1, u""C''''"": 1, u""C''"": 1, u'E': 1, u'SILENCE': 2}"	14
SALAMI_68	297.8742857	Shuli Tang				31.8277284706	17	"{u'a': 2, u""a'''"": 1, u'b': 1, u'e': 1, u'd': 1, u""a'"": 1, u'f': 1, u""a''"": 1, u""d'"": 1, u""c'"": 1, u'c': 1, u'g': 1, u""b'"": 1, u""f'"": 1, u'h': 1, u'silence': 1}"	16	49.1883076364	11	{u'A': 3, u'C': 1, u'B': 1, u'E': 1, u'D': 1, u'G': 1, u'F': 1, u'H': 1, u'SILENCE': 1}	9
SALAMI_584	254.197551	Colin Hua	0.744167279567	0.592568793167	1.0	21.17925925	12	"{u'a': 2, u""a'''"": 1, u'b': 2, u""a'"": 1, u'zzzzz': 1, u""a''"": 1, u'c': 1, u""b'"": 2, u'silence': 1}"	9	31.76888875	8	{u'A': 3, u'C': 1, u'B': 2, u'SILENCE': 1, u'ZZZZZ': 1}	5
SALAMI_584	254.197551	Eleni Vasilia Maltas	0.500659757178	0.333920042215	1.0	11.5544340909	22	"{u'a': 1, u'c': 1, u'b': 1, u'e': 1, u'd': 1, u""a'"": 2, u""b''"": 2, u""a''"": 2, u""d'"": 1, u""e'"": 1, u'f': 1, u""c'"": 1, u""c''"": 1, u""b'"": 1, u'zzzzz': 1, u""f'"": 1, u'end': 1, u'silence': 1, u""d''"": 1}"	19	31.774693875	8	{u'A': 3, u'B': 2, u'END': 1, u'SILENCE': 1, u'ZZZZZ': 1}	5
SALAMI_584	254.197551	John Turner	0.614409551594	0.601296587985	0.628107195931	18.1569677857	14	{u'a': 3, u'c': 3, u'b': 2, u'end': 1, u'd': 3, u'f': 1, u'e': 1}	7	36.3139358571	7	"{u'A': 1, u'C': 1, u'B': 1, u'END': 1, u""A'"": 1, u""B'"": 2}"	6
SALAMI_584	254.197551	Evan S. Johnson	0.624833780433	0.454369640224	1.0	15.8858958124	16	"{u'a': 1, u'c': 1, u'b': 1, u'e': 1, u'd': 1, u""a'"": 2, u""b''"": 1, u""a''"": 2, u'f': 1, u""c'"": 1, u""c''"": 1, u""b'"": 1, u'silence': 2}"	13	28.2415925556	9	{u'A': 3, u'B': 3, u'D': 1, u'SILENCE': 2}	4
SALAMI_584	254.197551	Shuli Tang	0.694742696847	0.532264937471	1.0	21.17925925	12	"{u'a': 1, u'c': 1, u'b': 1, u""c'''"": 1, u""a'"": 1, u""b''"": 1, u""a''"": 1, u'zzzzz': 1, u""c'"": 1, u""c''"": 1, u""b'"": 1, u'silence': 1}"	12	31.768888875	8	{u'A': 2, u'C': 2, u'B': 2, u'SILENCE': 1, u'ZZZZZ': 1}	5
Isophonics_CD2_-_06_-_Helter_Skelter	269.844898	Colin Hua	0.884641760575	0.829928051953	0.947078726479	14.2023631578	19	"{u'a': 1, u'yyyyy': 1, u'c': 3, u'b': 3, u'e': 1, u'd': 2, u""a'"": 1, u'zzzzz': 1, u""d'"": 2, u""c'"": 1, u""c''"": 1, u""b'"": 1, u'silence': 1}"	13	20.7572999231	13	{u'A': 1, u'YYYYY': 1, u'C': 3, u'B': 3, u'E': 1, u'D': 2, u'ZZZZZ': 1, u'SILENCE': 1}	8
Isophonics_CD2_-_06_-_Helter_Skelter	269.844898	Eleni Vasilia Maltas	0.788180091148	0.650410251054	1.0	9.99425551844	27	"{u'a': 1, u'c': 2, u'b': 2, u'e': 1, u'd': 3, u'g': 2, u'f': 3, u'i': 1, u""d'"": 3, u'j': 1, u""g'"": 1, u""b'"": 1, u'z': 2, u'h': 1, u'end': 1, u""j'"": 1, u'silence': 1}"	17	20.7572999231	13	{u'A': 2, u'C': 3, u'B': 3, u'END': 1, u'D': 2, u'E': 1, u'SILENCE': 1}	7
Isophonics_CD2_-_06_-_Helter_Skelter	269.844898	John Turner	0.862220367163	0.790656233858	0.948028642968	9.30179368959	29	"{u'a': 1, u'c': 3, u'b': 10, u'e': 2, u'd': 6, u""a'"": 1, u""d'"": 3, u""e'"": 1, u""b'"": 1, u'z': 1}"	10	24.522910909	11	"{u'A': 1, u'C': 3, u'B': 3, u'E': 1, u'D': 1, u""A'"": 1, u'ZZZZZ': 1}"	7
Isophonics_CD2_-_06_-_Helter_Skelter	269.844898	Evan S. Johnson	0.834198977472	0.72294711918	0.98591862018	9.99425548144	27	"{u'a': 1, u'c': 5, u'b': 2, u'e': 2, u'd': 3, u'g': 1, u'f': 1, u'i': 1, u'h': 1, u'j': 1, u""c'"": 3, u""g'"": 1, u'silence': 3, u'z': 1, u""i'"": 1}"	15	19.2746355714	14	"{u'A': 1, u'C': 3, u'B': 3, u'D': 1, u""A'"": 1, u""D'"": 1, u'Z': 1, u'SILENCE': 3}"	8
Isophonics_CD2_-_06_-_Helter_Skelter	269.844898	Shuli Tang	0.788150315336	0.650369699567	1.0	33.71900225	8	"{u'a': 2, u'c': 1, u'b': 1, u""a'"": 1, u'zzzzz': 1, u""a''"": 2}"	6	53.9689793998	5	{u'A': 2, u'C': 1, u'B': 1, u'ZZZZZ': 1}	4
SALAMI_78	399.2816327	Colin Hua				21.1628778636	22	"{u""b'"": 1, u""f'"": 1, u""a'''''"": 1, u""a'''"": 1, u""f'''"": 1, u""a'"": 1, u""e'"": 1, u""c'"": 1, u""g'"": 1, u""g''"": 1, u""f''"": 1, u'a': 1, u""a''''"": 1, u'c': 1, u'b': 1, u'e': 1, u'd': 1, u'g': 1, u'f': 1, u""a''"": 1, u""e''"": 1, u'silence': 1}"	22	58.197914	8	{u'A': 1, u'C': 1, u'B': 1, u'E': 1, u'D': 1, u'G': 1, u'F': 1, u'SILENCE': 1}	8
SALAMI_78	399.2816327	Eleni Vasilia Maltas				11.3196925366	41	"{u""t''"": 2, u""n'"": 1, u""h'"": 1, u""v''"": 1, u""h''"": 1, u""u'"": 1, u't': 2, u""v'"": 2, u'a': 1, u'c': 3, u'b': 1, u'd': 1, u'g': 1, u'f': 1, u'i': 2, u'h': 3, u'k': 1, u'j': 1, u'm': 1, u'l': 1, u'o': 1, u'n': 1, u'q': 1, u'p': 1, u's': 1, u'r': 1, u'u': 1, u""p'"": 1, u'w': 1, u'v': 1, u""t'"": 2, u'silence': 1}"	32	49.90730175	8	{u'A': 1, u'C': 1, u'B': 2, u'E': 1, u'D': 1, u'F': 1, u'SILENCE': 1}	7
SALAMI_78	399.2816327	John Turner				6.68767867143	70	"{u'aa': 1, u""b'"": 1, u""y'"": 4, u""f'"": 4, u""j'"": 1, u""h'"": 2, u""m'"": 1, u'bb': 1, u""o'"": 10, u""u'"": 3, u""s'"": 1, u""a'"": 1, u""e'"": 1, u""c'"": 1, u""g'"": 1, u'x': 2, u""i'"": 3, u'a': 1, u""l'"": 2, u'c': 2, u'b': 1, u'e': 1, u'd': 1, u'g': 1, u'f': 1, u'i': 1, u'h': 1, u'k': 1, u'j': 1, u'm': 1, u'l': 1, u'o': 1, u'n': 1, u'q': 1, u'p': 1, u's': 2, u'r': 1, u'u': 1, u't': 1, u'w': 1, u'v': 1, u'y': 1, u""t'"": 3, u'silence': 1}"	44	51.3857596667	9	{u'A': 1, u'C': 1, u'B': 1, u'E': 1, u'D': 1, u'G': 1, u'F': 1, u'I': 1, u'H': 1}	9
SALAMI_78	399.2816327	Evan S. Johnson				12.0023350769	39	"{u""f'"": 2, u""o'"": 1, u""q'"": 1, u""q''"": 1, u""a'"": 1, u""c'"": 1, u""c''"": 2, u""g'"": 1, u""q'''"": 1, u""i'"": 2, u'a': 1, u'c': 1, u'b': 1, u'e': 1, u'd': 1, u'g': 1, u'f': 2, u'i': 2, u'h': 1, u'k': 1, u'j': 1, u'm': 1, u'l': 1, u'o': 1, u'n': 1, u'q': 1, u'p': 2, u's': 1, u'r': 1, u't': 1, u""i'''"": 1, u'silence': 2}"	32	66.8701521429	7	{u'A': 1, u'C': 1, u'B': 1, u'E': 1, u'D': 1, u'SILENCE': 2}	6
SALAMI_78	399.2816327	Shuli Tang				38.6496145833	12	"{u'a': 1, u'c': 1, u'b': 1, u'd': 1, u""a'"": 1, u""b''"": 1, u""a''"": 1, u""c'"": 1, u""c''"": 1, u""b'''"": 1, u""b'"": 1, u'silence': 1}"	12	42.1632159091	11	{u'A': 3, u'C': 2, u'B': 4, u'D': 1, u'SILENCE': 1}	5
Isophonics_02 Under Pressure	236.8261224	Colin Hua	0.867491260281	0.765990786522	1.0	12.4645327895	19	"{u'a': 3, u'c': 2, u'b': 2, u'e': 1, u'd': 1, u""a'"": 2, u'zzzzz': 1, u""d'"": 1, u""e'"": 1, u""d'''"": 1, u""b'"": 1, u""d''''"": 1, u'silence': 1, u""d''"": 1}"	14	21.5296474545	11	{u'A': 3, u'C': 2, u'B': 2, u'E': 1, u'D': 1, u'ZZZZZ': 1, u'SILENCE': 1}	7
Isophonics_02 Under Pressure	236.8261224	Eleni Vasilia Maltas	0.7794904856	0.63865990097	1.0	5.77624690244	41	"{u'zzzzz': 1, u""j'"": 1, u""h'"": 2, u'end': 1, u'p': 1, u""r'"": 1, u""h''"": 1, u""a'"": 1, u""v'"": 1, u""e'"": 1, u""g'"": 1, u""i'"": 1, u'a': 1, u'c': 1, u'b': 1, u'e': 1, u'd': 1, u'g': 1, u'f': 1, u""a''"": 2, u'h': 1, u'k': 1, u'j': 1, u'm': 1, u'l': 1, u'o': 1, u'n': 1, u'q': 1, u'i': 1, u's': 1, u'r': 1, u'u': 1, u't': 1, u'w': 1, u'v': 1, u'y': 1, u'x': 1, u'z': 1, u'silence': 1}"	39	18.217394	13	"{u'A': 1, u'C': 2, u'B': 1, u'E': 1, u'D': 1, u""A'"": 1, u'F': 1, u""A''"": 1, u'ZZZZZ': 1, u""B'"": 1, u'END': 1, u'SILENCE': 1}"	12
Isophonics_02 Under Pressure	236.8261224	John Turner	0.803359446159	0.67134566314	1.0	11.84130605	20	"{u'a': 2, u'c': 2, u'b': 2, u'e': 2, u'd': 2, u""a'"": 1, u'f': 1, u'i': 2, u'h': 1, u'zzzzz': 1, u""c'"": 1, u""b'"": 1, u""h'"": 1, u""i'"": 1}"	14	29.60326525	8	{u'A': 2, u'C': 1, u'B': 2, u'E': 1, u'D': 1, u'ZZZZZ': 1}	6
Isophonics_02 Under Pressure	236.8261224	Evan S. Johnson	0.795359031564	0.693696987968	0.931935132874	9.10869703846	26	"{u'a': 1, u'c': 1, u'b': 2, u'e': 2, u'd': 2, u""a'"": 2, u'f': 2, u'i': 1, u'h': 1, u'k': 1, u'j': 1, u'm': 1, u'l': 1, u'o': 1, u'n': 1, u'g': 1, u""n''"": 1, u""n'"": 2, u'silence': 2}"	19	16.9161516429	14	"{u'A': 3, u'C': 1, u'B': 1, u'E': 1, u'D': 2, u'G': 1, u'H': 1, u""C'"": 1, u""B'"": 1, u'SILENCE': 2}"	10
Isophonics_02 Under Pressure	236.8261224	Shuli Tang	0.834561172133	0.716091786354	1.0	13.1570067222	18	"{u'a': 1, u""a'''"": 1, u'b': 1, u'e': 1, u'd': 1, u""a'"": 1, u'f': 1, u""a''"": 1, u""d'"": 1, u'zzzzz': 1, u'c': 1, u""g'"": 1, u'g': 1, u""g''"": 1, u""b'"": 1, u""f'"": 1, u'newpoint': 1, u'silence': 1}"	18	21.5296475455	11	{u'A': 2, u'C': 1, u'B': 1, u'E': 1, u'D': 1, u'G': 2, u'F': 1, u'ZZZZZ': 1, u'SILENCE': 1}	9
